x,y
-2.977499961853027344e-01,-6.469500064849853516e-01
-3.454999923706054688e-01,-9.755499958992004395e-01
-5.772500038146972656e-01,-7.377499938011169434e-01
-9.045000076293945312e-01,-7.939000129699707031e-01
-7.500000000000000000e-01,-5.000000000000000000e-01
-9.045000076293945312e-01,-2.061000019311904907e-01
-5.772500038146972656e-01,-2.622500061988830566e-01
-3.454999923706054688e-01,-2.445000037550926208e-02
-2.977499961853027344e-01,-3.530499935150146484e-01
0.000000000000000000e+00,-5.000000000000000000e-01
-2.979409992694854736e-01,-6.482644081115722656e-01
-2.981320023536682129e-01,-6.495788097381591797e-01
-2.983230054378509521e-01,-6.508932113647460938e-01
-2.985140085220336914e-01,-6.522076129913330078e-01
-2.987050116062164307e-01,-6.535220146179199219e-01
-2.988960146903991699e-01,-6.548364162445068359e-01
-2.990869879722595215e-01,-6.561508178710937500e-01
-2.992779910564422607e-01,-6.574652194976806641e-01
-2.994689941406250000e-01,-6.587796211242675781e-01
-2.996599972248077393e-01,-6.600940227508544922e-01
-2.998510003089904785e-01,-6.614084243774414062e-01
-3.000420033931732178e-01,-6.627228260040283203e-01
-3.002330064773559570e-01,-6.640372276306152344e-01
-3.004240095615386963e-01,-6.653516292572021484e-01
-3.006150126457214355e-01,-6.666659712791442871e-01
-3.008059859275817871e-01,-6.679803729057312012e-01
-3.009969890117645264e-01,-6.692947745323181152e-01
-3.011879920959472656e-01,-6.706091761589050293e-01
-3.013789951801300049e-01,-6.719235777854919434e-01
-3.015699982643127441e-01,-6.732379794120788574e-01
-3.017610013484954834e-01,-6.745523810386657715e-01
-3.019520044326782227e-01,-6.758667826652526855e-01
-3.021430075168609619e-01,-6.771811842918395996e-01
-3.023340106010437012e-01,-6.784955859184265137e-01
-3.025250136852264404e-01,-6.798099875450134277e-01
-3.027159869670867920e-01,-6.811243891716003418e-01
-3.029069900512695312e-01,-6.824387907981872559e-01
-3.030979931354522705e-01,-6.837531924247741699e-01
-3.032889962196350098e-01,-6.850675940513610840e-01
-3.034799993038177490e-01,-6.863819956779479980e-01
-3.036710023880004883e-01,-6.876963973045349121e-01
-3.038620054721832275e-01,-6.890107989311218262e-01
-3.040530085563659668e-01,-6.903252005577087402e-01
-3.042440116405487061e-01,-6.916396021842956543e-01
-3.044350147247314453e-01,-6.929540038108825684e-01
-3.046259880065917969e-01,-6.942684054374694824e-01
-3.048169910907745361e-01,-6.955828070640563965e-01
-3.050079941749572754e-01,-6.968972086906433105e-01
-3.051989972591400146e-01,-6.982116103172302246e-01
-3.053900003433227539e-01,-6.995260119438171387e-01
-3.055810034275054932e-01,-7.008404135704040527e-01
-3.057720065116882324e-01,-7.021548151969909668e-01
-3.059630095958709717e-01,-7.034692168235778809e-01
-3.061540126800537109e-01,-7.047836184501647949e-01
-3.063449859619140625e-01,-7.060980200767517090e-01
-3.065359890460968018e-01,-7.074124217033386230e-01
-3.067269921302795410e-01,-7.087268233299255371e-01
-3.069179952144622803e-01,-7.100412249565124512e-01
-3.071089982986450195e-01,-7.113556265830993652e-01
-3.073000013828277588e-01,-7.126700282096862793e-01
-3.074910044670104980e-01,-7.139843702316284180e-01
-3.076820075511932373e-01,-7.152987718582153320e-01
-3.078730106353759766e-01,-7.166131734848022461e-01
-3.080640137195587158e-01,-7.179275751113891602e-01
-3.082549870014190674e-01,-7.192419767379760742e-01
-3.084459900856018066e-01,-7.205563783645629883e-01
-3.086369931697845459e-01,-7.218707799911499023e-01
-3.088279962539672852e-01,-7.231851816177368164e-01
-3.090189993381500244e-01,-7.244995832443237305e-01
-3.092100024223327637e-01,-7.258139848709106445e-01
-3.094010055065155029e-01,-7.271283864974975586e-01
-3.095920085906982422e-01,-7.284427881240844727e-01
-3.097830116748809814e-01,-7.297571897506713867e-01
-3.099740147590637207e-01,-7.310715913772583008e-01
-3.101649880409240723e-01,-7.323859930038452148e-01
-3.103559911251068115e-01,-7.337003946304321289e-01
-3.105469942092895508e-01,-7.350147962570190430e-01
-3.107379972934722900e-01,-7.363291978836059570e-01
-3.109290003776550293e-01,-7.376435995101928711e-01
-3.111200034618377686e-01,-7.389580011367797852e-01
-3.113110065460205078e-01,-7.402724027633666992e-01
-3.115020096302032471e-01,-7.415868043899536133e-01
-3.116930127143859863e-01,-7.429012060165405273e-01
-3.118839859962463379e-01,-7.442156076431274414e-01
-3.120749890804290771e-01,-7.455300092697143555e-01
-3.122659921646118164e-01,-7.468444108963012695e-01
-3.124569952487945557e-01,-7.481588125228881836e-01
-3.126479983329772949e-01,-7.494732141494750977e-01
-3.128390014171600342e-01,-7.507876157760620117e-01
-3.130300045013427734e-01,-7.521020174026489258e-01
-3.132210075855255127e-01,-7.534164190292358398e-01
-3.134120106697082520e-01,-7.547308206558227539e-01
-3.136030137538909912e-01,-7.560452222824096680e-01
-3.137939870357513428e-01,-7.573596239089965820e-01
-3.139849901199340820e-01,-7.586740255355834961e-01
-3.141759932041168213e-01,-7.599884271621704102e-01
-3.143669962882995605e-01,-7.613028287887573242e-01
-3.145579993724822998e-01,-7.626171708106994629e-01
-3.147490024566650391e-01,-7.639315724372863770e-01
-3.149400055408477783e-01,-7.652459740638732910e-01
-3.151310086250305176e-01,-7.665603756904602051e-01
-3.153220117092132568e-01,-7.678747773170471191e-01
-3.155130147933959961e-01,-7.691891789436340332e-01
-3.157039880752563477e-01,-7.705035805702209473e-01
-3.158949911594390869e-01,-7.718179821968078613e-01
-3.160859942436218262e-01,-7.731323838233947754e-01
-3.162769973278045654e-01,-7.744467854499816895e-01
-3.164680004119873047e-01,-7.757611870765686035e-01
-3.166590034961700439e-01,-7.770755887031555176e-01
-3.168500065803527832e-01,-7.783899903297424316e-01
-3.170410096645355225e-01,-7.797043919563293457e-01
-3.172320127487182617e-01,-7.810187935829162598e-01
-3.174229860305786133e-01,-7.823331952095031738e-01
-3.176139891147613525e-01,-7.836475968360900879e-01
-3.178049921989440918e-01,-7.849619984626770020e-01
-3.179959952831268311e-01,-7.862764000892639160e-01
-3.181869983673095703e-01,-7.875908017158508301e-01
-3.183780014514923096e-01,-7.889052033424377441e-01
-3.185690045356750488e-01,-7.902196049690246582e-01
-3.187600076198577881e-01,-7.915340065956115723e-01
-3.189510107040405273e-01,-7.928484082221984863e-01
-3.191420137882232666e-01,-7.941628098487854004e-01
-3.193329870700836182e-01,-7.954772114753723145e-01
-3.195239901542663574e-01,-7.967916131019592285e-01
-3.197149932384490967e-01,-7.981060147285461426e-01
-3.199059963226318359e-01,-7.994204163551330566e-01
-3.200969994068145752e-01,-8.007348179817199707e-01
-3.202880024909973145e-01,-8.020492196083068848e-01
-3.204790055751800537e-01,-8.033636212348937988e-01
-3.206700086593627930e-01,-8.046780228614807129e-01
-3.208610117435455322e-01,-8.059924244880676270e-01
-3.210520148277282715e-01,-8.073068261146545410e-01
-3.212429881095886230e-01,-8.086212277412414551e-01
-3.214339911937713623e-01,-8.099356293678283691e-01
-3.216249942779541016e-01,-8.112499713897705078e-01
-3.218159973621368408e-01,-8.125643730163574219e-01
-3.220070004463195801e-01,-8.138787746429443359e-01
-3.221980035305023193e-01,-8.151931762695312500e-01
-3.223890066146850586e-01,-8.165075778961181641e-01
-3.225800096988677979e-01,-8.178219795227050781e-01
-3.227710127830505371e-01,-8.191363811492919922e-01
-3.229619860649108887e-01,-8.204507827758789062e-01
-3.231529891490936279e-01,-8.217651844024658203e-01
-3.233439922332763672e-01,-8.230795860290527344e-01
-3.235349953174591064e-01,-8.243939876556396484e-01
-3.237259984016418457e-01,-8.257083892822265625e-01
-3.239170014858245850e-01,-8.270227909088134766e-01
-3.241080045700073242e-01,-8.283371925354003906e-01
-3.242990076541900635e-01,-8.296515941619873047e-01
-3.244900107383728027e-01,-8.309659957885742188e-01
-3.246810138225555420e-01,-8.322803974151611328e-01
-3.248719871044158936e-01,-8.335947990417480469e-01
-3.250629901885986328e-01,-8.349092006683349609e-01
-3.252539932727813721e-01,-8.362236022949218750e-01
-3.254449963569641113e-01,-8.375380039215087891e-01
-3.256359994411468506e-01,-8.388524055480957031e-01
-3.258270025253295898e-01,-8.401668071746826172e-01
-3.260180056095123291e-01,-8.414812088012695312e-01
-3.262090086936950684e-01,-8.427956104278564453e-01
-3.264000117778778076e-01,-8.441100120544433594e-01
-3.265910148620605469e-01,-8.454244136810302734e-01
-3.267819881439208984e-01,-8.467388153076171875e-01
-3.269729912281036377e-01,-8.480532169342041016e-01
-3.271639943122863770e-01,-8.493676185607910156e-01
-3.273549973964691162e-01,-8.506820201873779297e-01
-3.275460004806518555e-01,-8.519964218139648438e-01
-3.277370035648345947e-01,-8.533108234405517578e-01
-3.279280066490173340e-01,-8.546252250671386719e-01
-3.281190097332000732e-01,-8.559396266937255859e-01
-3.283100128173828125e-01,-8.572540283203125000e-01
-3.285009860992431641e-01,-8.585683703422546387e-01
-3.286919891834259033e-01,-8.598827719688415527e-01
-3.288829922676086426e-01,-8.611971735954284668e-01
-3.290739953517913818e-01,-8.625115752220153809e-01
-3.292649984359741211e-01,-8.638259768486022949e-01
-3.294560015201568604e-01,-8.651403784751892090e-01
-3.296470046043395996e-01,-8.664547801017761230e-01
-3.298380076885223389e-01,-8.677691817283630371e-01
-3.300290107727050781e-01,-8.690835833549499512e-01
-3.302200138568878174e-01,-8.703979849815368652e-01
-3.304109871387481689e-01,-8.717123866081237793e-01
-3.306019902229309082e-01,-8.730267882347106934e-01
-3.307929933071136475e-01,-8.743411898612976074e-01
-3.309839963912963867e-01,-8.756555914878845215e-01
-3.311749994754791260e-01,-8.769699931144714355e-01
-3.313660025596618652e-01,-8.782843947410583496e-01
-3.315570056438446045e-01,-8.795987963676452637e-01
-3.317480087280273438e-01,-8.809131979942321777e-01
-3.319390118122100830e-01,-8.822275996208190918e-01
-3.321300148963928223e-01,-8.835420012474060059e-01
-3.323209881782531738e-01,-8.848564028739929199e-01
-3.325119912624359131e-01,-8.861708045005798340e-01
-3.327029943466186523e-01,-8.874852061271667480e-01
-3.328939974308013916e-01,-8.887996077537536621e-01
-3.330850005149841309e-01,-8.901140093803405762e-01
-3.332760035991668701e-01,-8.914284110069274902e-01
-3.334670066833496094e-01,-8.927428126335144043e-01
-3.336580097675323486e-01,-8.940572142601013184e-01
-3.338490128517150879e-01,-8.953716158866882324e-01
-3.340399861335754395e-01,-8.966860175132751465e-01
-3.342309892177581787e-01,-8.980004191398620605e-01
-3.344219923019409180e-01,-8.993148207664489746e-01
-3.346129953861236572e-01,-9.006292223930358887e-01
-3.348039984703063965e-01,-9.019436240196228027e-01
-3.349950015544891357e-01,-9.032580256462097168e-01
-3.351860046386718750e-01,-9.045724272727966309e-01
-3.353770077228546143e-01,-9.058868288993835449e-01
-3.355680108070373535e-01,-9.072011709213256836e-01
-3.357590138912200928e-01,-9.085155725479125977e-01
-3.359499871730804443e-01,-9.098299741744995117e-01
-3.361409902572631836e-01,-9.111443758010864258e-01
-3.363319933414459229e-01,-9.124587774276733398e-01
-3.365229964256286621e-01,-9.137731790542602539e-01
-3.367139995098114014e-01,-9.150875806808471680e-01
-3.369050025939941406e-01,-9.164019823074340820e-01
-3.370960056781768799e-01,-9.177163839340209961e-01
-3.372870087623596191e-01,-9.190307855606079102e-01
-3.374780118465423584e-01,-9.203451871871948242e-01
-3.376689851284027100e-01,-9.216595888137817383e-01
-3.378599882125854492e-01,-9.229739904403686523e-01
-3.380509912967681885e-01,-9.242883920669555664e-01
-3.382419943809509277e-01,-9.256027936935424805e-01
-3.384329974651336670e-01,-9.269171953201293945e-01
-3.386240005493164062e-01,-9.282315969467163086e-01
-3.388150036334991455e-01,-9.295459985733032227e-01
-3.390060067176818848e-01,-9.308604001998901367e-01
-3.391970098018646240e-01,-9.321748018264770508e-01
-3.393880128860473633e-01,-9.334892034530639648e-01
-3.395789861679077148e-01,-9.348036050796508789e-01
-3.397699892520904541e-01,-9.361180067062377930e-01
-3.399609923362731934e-01,-9.374324083328247070e-01
-3.401519954204559326e-01,-9.387468099594116211e-01
-3.403429985046386719e-01,-9.400612115859985352e-01
-3.405340015888214111e-01,-9.413756132125854492e-01
-3.407250046730041504e-01,-9.426900148391723633e-01
-3.409160077571868896e-01,-9.440044164657592773e-01
-3.411070108413696289e-01,-9.453188180923461914e-01
-3.412980139255523682e-01,-9.466332197189331055e-01
-3.414889872074127197e-01,-9.479476213455200195e-01
-3.416799902915954590e-01,-9.492620229721069336e-01
-3.418709933757781982e-01,-9.505764245986938477e-01
-3.420619964599609375e-01,-9.518908262252807617e-01
-3.422529995441436768e-01,-9.532052278518676758e-01
-3.424440026283264160e-01,-9.545196294784545898e-01
-3.426350057125091553e-01,-9.558339715003967285e-01
-3.428260087966918945e-01,-9.571483731269836426e-01
-3.430170118808746338e-01,-9.584627747535705566e-01
-3.432079851627349854e-01,-9.597771763801574707e-01
-3.433989882469177246e-01,-9.610915780067443848e-01
-3.435899913311004639e-01,-9.624059796333312988e-01
-3.437809944152832031e-01,-9.637203812599182129e-01
-3.439719974994659424e-01,-9.650347828865051270e-01
-3.441630005836486816e-01,-9.663491845130920410e-01
-3.443540036678314209e-01,-9.676635861396789551e-01
-3.445450067520141602e-01,-9.689779877662658691e-01
-3.447360098361968994e-01,-9.702923893928527832e-01
-3.449270129203796387e-01,-9.716067910194396973e-01
-3.451179862022399902e-01,-9.729211926460266113e-01
-3.453089892864227295e-01,-9.742355942726135254e-01
-3.464269936084747314e-01,-9.745988249778747559e-01
-3.473539948463439941e-01,-9.736475944519042969e-01
-3.482809960842132568e-01,-9.726964235305786133e-01
-3.492079973220825195e-01,-9.717451930046081543e-01
-3.501349985599517822e-01,-9.707940220832824707e-01
-3.510619997978210449e-01,-9.698427915573120117e-01
-3.519890010356903076e-01,-9.688916206359863281e-01
-3.529160022735595703e-01,-9.679403901100158691e-01
-3.538430035114288330e-01,-9.669892191886901855e-01
-3.547700047492980957e-01,-9.660379886627197266e-01
-3.556970059871673584e-01,-9.650868177413940430e-01
-3.566240072250366211e-01,-9.641355872154235840e-01
-3.575510084629058838e-01,-9.631844162940979004e-01
-3.584780097007751465e-01,-9.622331857681274414e-01
-3.594050109386444092e-01,-9.612820148468017578e-01
-3.603320121765136719e-01,-9.603307843208312988e-01
-3.612590134143829346e-01,-9.593796133995056152e-01
-3.621860146522521973e-01,-9.584283828735351562e-01
-3.631129860877990723e-01,-9.574772119522094727e-01
-3.640399873256683350e-01,-9.565259814262390137e-01
-3.649669885635375977e-01,-9.555748105049133301e-01
-3.658939898014068604e-01,-9.546235799789428711e-01
-3.668209910392761230e-01,-9.536724090576171875e-01
-3.677479922771453857e-01,-9.527211785316467285e-01
-3.686749935150146484e-01,-9.517700076103210449e-01
-3.696019947528839111e-01,-9.508187770843505859e-01
-3.705289959907531738e-01,-9.498676061630249023e-01
-3.714559972286224365e-01,-9.489163756370544434e-01
-3.723829984664916992e-01,-9.479652047157287598e-01
-3.733099997043609619e-01,-9.470139741897583008e-01
-3.742370009422302246e-01,-9.460628032684326172e-01
-3.751640021800994873e-01,-9.451115727424621582e-01
-3.760910034179687500e-01,-9.441604018211364746e-01
-3.770180046558380127e-01,-9.432091712951660156e-01
-3.779450058937072754e-01,-9.422580003738403320e-01
-3.788720071315765381e-01,-9.413068294525146484e-01
-3.797990083694458008e-01,-9.403555989265441895e-01
-3.807260096073150635e-01,-9.394044280052185059e-01
-3.816530108451843262e-01,-9.384531974792480469e-01
-3.825800120830535889e-01,-9.375020265579223633e-01
-3.835070133209228516e-01,-9.365507960319519043e-01
-3.844340145587921143e-01,-9.355996251106262207e-01
-3.853609859943389893e-01,-9.346483945846557617e-01
-3.862879872322082520e-01,-9.336972236633300781e-01
-3.872149884700775146e-01,-9.327459931373596191e-01
-3.881419897079467773e-01,-9.317948222160339355e-01
-3.890689909458160400e-01,-9.308435916900634766e-01
-3.899959921836853027e-01,-9.298924207687377930e-01
-3.909229934215545654e-01,-9.289411902427673340e-01
-3.918499946594238281e-01,-9.279900193214416504e-01
-3.927769958972930908e-01,-9.270387887954711914e-01
-3.937039971351623535e-01,-9.260876178741455078e-01
-3.946309983730316162e-01,-9.251363873481750488e-01
-3.955579996109008789e-01,-9.241852164268493652e-01
-3.964850008487701416e-01,-9.232339859008789062e-01
-3.974120020866394043e-01,-9.222828149795532227e-01
-3.983390033245086670e-01,-9.213315844535827637e-01
-3.992660045623779297e-01,-9.203804135322570801e-01
-4.001930058002471924e-01,-9.194291830062866211e-01
-4.011200070381164551e-01,-9.184780120849609375e-01
-4.020470082759857178e-01,-9.175267815589904785e-01
-4.029740095138549805e-01,-9.165756106376647949e-01
-4.039010107517242432e-01,-9.156243801116943359e-01
-4.048280119895935059e-01,-9.146732091903686523e-01
-4.057550132274627686e-01,-9.137219786643981934e-01
-4.066820144653320312e-01,-9.127708077430725098e-01
-4.076089859008789062e-01,-9.118195772171020508e-01
-4.085359871387481689e-01,-9.108684062957763672e-01
-4.094629883766174316e-01,-9.099171757698059082e-01
-4.103899896144866943e-01,-9.089660048484802246e-01
-4.113169908523559570e-01,-9.080147743225097656e-01
-4.122439920902252197e-01,-9.070636034011840820e-01
-4.131709933280944824e-01,-9.061123728752136230e-01
-4.140979945659637451e-01,-9.051612019538879395e-01
-4.150249958038330078e-01,-9.042099714279174805e-01
-4.159519970417022705e-01,-9.032588005065917969e-01
-4.168789982795715332e-01,-9.023076295852661133e-01
-4.178059995174407959e-01,-9.013563990592956543e-01
-4.187330007553100586e-01,-9.004052281379699707e-01
-4.196600019931793213e-01,-8.994539976119995117e-01
-4.205870032310485840e-01,-8.985028266906738281e-01
-4.215140044689178467e-01,-8.975515961647033691e-01
-4.224410057067871094e-01,-8.966004252433776855e-01
-4.233680069446563721e-01,-8.956491947174072266e-01
-4.242950081825256348e-01,-8.946980237960815430e-01
-4.252220094203948975e-01,-8.937467932701110840e-01
-4.261490106582641602e-01,-8.927956223487854004e-01
-4.270760118961334229e-01,-8.918443918228149414e-01
-4.280030131340026855e-01,-8.908932209014892578e-01
-4.289300143718719482e-01,-8.899419903755187988e-01
-4.298569858074188232e-01,-8.889908194541931152e-01
-4.307839870452880859e-01,-8.880395889282226562e-01
-4.317109882831573486e-01,-8.870884180068969727e-01
-4.326379895210266113e-01,-8.861371874809265137e-01
-4.335649907588958740e-01,-8.851860165596008301e-01
-4.344919919967651367e-01,-8.842347860336303711e-01
-4.354189932346343994e-01,-8.832836151123046875e-01
-4.363459944725036621e-01,-8.823323845863342285e-01
-4.372729957103729248e-01,-8.813812136650085449e-01
-4.381999969482421875e-01,-8.804299831390380859e-01
-4.391269981861114502e-01,-8.794788122177124023e-01
-4.400539994239807129e-01,-8.785275816917419434e-01
-4.409810006618499756e-01,-8.775764107704162598e-01
-4.419080018997192383e-01,-8.766251802444458008e-01
-4.428350031375885010e-01,-8.756740093231201172e-01
-4.437620043754577637e-01,-8.747227787971496582e-01
-4.446890056133270264e-01,-8.737716078758239746e-01
-4.456160068511962891e-01,-8.728203773498535156e-01
-4.465430080890655518e-01,-8.718692064285278320e-01
-4.474700093269348145e-01,-8.709179759025573730e-01
-4.483970105648040771e-01,-8.699668049812316895e-01
-4.493240118026733398e-01,-8.690155744552612305e-01
-4.502510130405426025e-01,-8.680644035339355469e-01
-4.511780142784118652e-01,-8.671131730079650879e-01
-4.521049857139587402e-01,-8.661620020866394043e-01
-4.530319869518280029e-01,-8.652107715606689453e-01
-4.539589881896972656e-01,-8.642596006393432617e-01
-4.548859894275665283e-01,-8.633084297180175781e-01
-4.558129906654357910e-01,-8.623571991920471191e-01
-4.567399919033050537e-01,-8.614060282707214355e-01
-4.576669931411743164e-01,-8.604547977447509766e-01
-4.585939943790435791e-01,-8.595036268234252930e-01
-4.595209956169128418e-01,-8.585523962974548340e-01
-4.604479968547821045e-01,-8.576012253761291504e-01
-4.613749980926513672e-01,-8.566499948501586914e-01
-4.623019993305206299e-01,-8.556988239288330078e-01
-4.632290005683898926e-01,-8.547475934028625488e-01
-4.641560018062591553e-01,-8.537964224815368652e-01
-4.650830030441284180e-01,-8.528451919555664062e-01
-4.660100042819976807e-01,-8.518940210342407227e-01
-4.669370055198669434e-01,-8.509427905082702637e-01
-4.678640067577362061e-01,-8.499916195869445801e-01
-4.687910079956054688e-01,-8.490403890609741211e-01
-4.697180092334747314e-01,-8.480892181396484375e-01
-4.706450104713439941e-01,-8.471379876136779785e-01
-4.715720117092132568e-01,-8.461868166923522949e-01
-4.724990129470825195e-01,-8.452355861663818359e-01
-4.734260141849517822e-01,-8.442844152450561523e-01
-4.743529856204986572e-01,-8.433331847190856934e-01
-4.752799868583679199e-01,-8.423820137977600098e-01
-4.762069880962371826e-01,-8.414307832717895508e-01
-4.771339893341064453e-01,-8.404796123504638672e-01
-4.780609905719757080e-01,-8.395283818244934082e-01
-4.789879918098449707e-01,-8.385772109031677246e-01
-4.799149930477142334e-01,-8.376259803771972656e-01
-4.808419942855834961e-01,-8.366748094558715820e-01
-4.817689955234527588e-01,-8.357235789299011230e-01
-4.826959967613220215e-01,-8.347724080085754395e-01
-4.836229979991912842e-01,-8.338211774826049805e-01
-4.845499992370605469e-01,-8.328700065612792969e-01
-4.854770004749298096e-01,-8.319187760353088379e-01
-4.864040017127990723e-01,-8.309676051139831543e-01
-4.873310029506683350e-01,-8.300163745880126953e-01
-4.882580041885375977e-01,-8.290652036666870117e-01
-4.891850054264068604e-01,-8.281139731407165527e-01
-4.901120066642761230e-01,-8.271628022193908691e-01
-4.910390079021453857e-01,-8.262115716934204102e-01
-4.919660091400146484e-01,-8.252604007720947266e-01
-4.928930103778839111e-01,-8.243091702461242676e-01
-4.938200116157531738e-01,-8.233579993247985840e-01
-4.947470128536224365e-01,-8.224068284034729004e-01
-4.956740140914916992e-01,-8.214555978775024414e-01
-4.966009855270385742e-01,-8.205044269561767578e-01
-4.975279867649078369e-01,-8.195531964302062988e-01
-4.984549880027770996e-01,-8.186020255088806152e-01
-4.993819892406463623e-01,-8.176507949829101562e-01
-5.003089904785156250e-01,-8.166996240615844727e-01
-5.012360215187072754e-01,-8.157483935356140137e-01
-5.021629929542541504e-01,-8.147972226142883301e-01
-5.030900239944458008e-01,-8.138459920883178711e-01
-5.040169954299926758e-01,-8.128948211669921875e-01
-5.049440264701843262e-01,-8.119435906410217285e-01
-5.058709979057312012e-01,-8.109924197196960449e-01
-5.067980289459228516e-01,-8.100411891937255859e-01
-5.077250003814697266e-01,-8.090900182723999023e-01
-5.086519718170166016e-01,-8.081387877464294434e-01
-5.095790028572082520e-01,-8.071876168251037598e-01
-5.105059742927551270e-01,-8.062363862991333008e-01
-5.114330053329467773e-01,-8.052852153778076172e-01
-5.123599767684936523e-01,-8.043339848518371582e-01
-5.132870078086853027e-01,-8.033828139305114746e-01
-5.142139792442321777e-01,-8.024315834045410156e-01
-5.151410102844238281e-01,-8.014804124832153320e-01
-5.160679817199707031e-01,-8.005291819572448730e-01
-5.169950127601623535e-01,-7.995780110359191895e-01
-5.179219841957092285e-01,-7.986267805099487305e-01
-5.188490152359008789e-01,-7.976756095886230469e-01
-5.197759866714477539e-01,-7.967243790626525879e-01
-5.207030177116394043e-01,-7.957732081413269043e-01
-5.216299891471862793e-01,-7.948219776153564453e-01
-5.225570201873779297e-01,-7.938708066940307617e-01
-5.234839916229248047e-01,-7.929195761680603027e-01
-5.244110226631164551e-01,-7.919684052467346191e-01
-5.253379940986633301e-01,-7.910171747207641602e-01
-5.262650251388549805e-01,-7.900660037994384766e-01
-5.271919965744018555e-01,-7.891147732734680176e-01
-5.281190276145935059e-01,-7.881636023521423340e-01
-5.290459990501403809e-01,-7.872123718261718750e-01
-5.299729704856872559e-01,-7.862612009048461914e-01
-5.309000015258789062e-01,-7.853099703788757324e-01
-5.318269729614257812e-01,-7.843587994575500488e-01
-5.327540040016174316e-01,-7.834076285362243652e-01
-5.336809754371643066e-01,-7.824563980102539062e-01
-5.346080064773559570e-01,-7.815052270889282227e-01
-5.355349779129028320e-01,-7.805539965629577637e-01
-5.364620089530944824e-01,-7.796028256416320801e-01
-5.373889803886413574e-01,-7.786515951156616211e-01
-5.383160114288330078e-01,-7.777004241943359375e-01
-5.392429828643798828e-01,-7.767491936683654785e-01
-5.401700139045715332e-01,-7.757980227470397949e-01
-5.410969853401184082e-01,-7.748467922210693359e-01
-5.420240163803100586e-01,-7.738956212997436523e-01
-5.429509878158569336e-01,-7.729443907737731934e-01
-5.438780188560485840e-01,-7.719932198524475098e-01
-5.448049902915954590e-01,-7.710419893264770508e-01
-5.457320213317871094e-01,-7.700908184051513672e-01
-5.466589927673339844e-01,-7.691395878791809082e-01
-5.475860238075256348e-01,-7.681884169578552246e-01
-5.485129952430725098e-01,-7.672371864318847656e-01
-5.494400262832641602e-01,-7.662860155105590820e-01
-5.503669977188110352e-01,-7.653347849845886230e-01
-5.512940287590026855e-01,-7.643836140632629395e-01
-5.522210001945495605e-01,-7.634323835372924805e-01
-5.531479716300964355e-01,-7.624812126159667969e-01
-5.540750026702880859e-01,-7.615299820899963379e-01
-5.550019741058349609e-01,-7.605788111686706543e-01
-5.559290051460266113e-01,-7.596275806427001953e-01
-5.568559765815734863e-01,-7.586764097213745117e-01
-5.577830076217651367e-01,-7.577251791954040527e-01
-5.587099790573120117e-01,-7.567740082740783691e-01
-5.596370100975036621e-01,-7.558227777481079102e-01
-5.605639815330505371e-01,-7.548716068267822266e-01
-5.614910125732421875e-01,-7.539203763008117676e-01
-5.624179840087890625e-01,-7.529692053794860840e-01
-5.633450150489807129e-01,-7.520179748535156250e-01
-5.642719864845275879e-01,-7.510668039321899414e-01
-5.651990175247192383e-01,-7.501155734062194824e-01
-5.661259889602661133e-01,-7.491644024848937988e-01
-5.670530200004577637e-01,-7.482131719589233398e-01
-5.679799914360046387e-01,-7.472620010375976562e-01
-5.689070224761962891e-01,-7.463107705116271973e-01
-5.698339939117431641e-01,-7.453595995903015137e-01
-5.707610249519348145e-01,-7.444084286689758301e-01
-5.716879963874816895e-01,-7.434571981430053711e-01
-5.726150274276733398e-01,-7.425060272216796875e-01
-5.735419988632202148e-01,-7.415547966957092285e-01
-5.744689702987670898e-01,-7.406036257743835449e-01
-5.753960013389587402e-01,-7.396523952484130859e-01
-5.763229727745056152e-01,-7.387012243270874023e-01
-5.785589814186096191e-01,-7.379745841026306152e-01
-5.798680186271667480e-01,-7.381991744041442871e-01
-5.811769962310791016e-01,-7.384238243103027344e-01
-5.824859738349914551e-01,-7.386484146118164062e-01
-5.837950110435485840e-01,-7.388730049133300781e-01
-5.851039886474609375e-01,-7.390975952148437500e-01
-5.864130258560180664e-01,-7.393221855163574219e-01
-5.877220034599304199e-01,-7.395467758178710938e-01
-5.890309810638427734e-01,-7.397714257240295410e-01
-5.903400182723999023e-01,-7.399960160255432129e-01
-5.916489958763122559e-01,-7.402206063270568848e-01
-5.929579734802246094e-01,-7.404451966285705566e-01
-5.942670106887817383e-01,-7.406697869300842285e-01
-5.955759882926940918e-01,-7.408943772315979004e-01
-5.968850255012512207e-01,-7.411190271377563477e-01
-5.981940031051635742e-01,-7.413436174392700195e-01
-5.995029807090759277e-01,-7.415682077407836914e-01
-6.008120179176330566e-01,-7.417927980422973633e-01
-6.021209955215454102e-01,-7.420173883438110352e-01
-6.034299731254577637e-01,-7.422419786453247070e-01
-6.047390103340148926e-01,-7.424666285514831543e-01
-6.060479879379272461e-01,-7.426912188529968262e-01
-6.073570251464843750e-01,-7.429158091545104980e-01
-6.086660027503967285e-01,-7.431403994560241699e-01
-6.099749803543090820e-01,-7.433649897575378418e-01
-6.112840175628662109e-01,-7.435895800590515137e-01
-6.125929951667785645e-01,-7.438141703605651855e-01
-6.139019727706909180e-01,-7.440388202667236328e-01
-6.152110099792480469e-01,-7.442634105682373047e-01
-6.165199875831604004e-01,-7.444880008697509766e-01
-6.178290247917175293e-01,-7.447125911712646484e-01
-6.191380023956298828e-01,-7.449371814727783203e-01
-6.204469799995422363e-01,-7.451617717742919922e-01
-6.217560172080993652e-01,-7.453864216804504395e-01
-6.230649948120117188e-01,-7.456110119819641113e-01
-6.243739724159240723e-01,-7.458356022834777832e-01
-6.256830096244812012e-01,-7.460601925849914551e-01
-6.269919872283935547e-01,-7.462847828865051270e-01
-6.283010244369506836e-01,-7.465093731880187988e-01
-6.296100020408630371e-01,-7.467340230941772461e-01
-6.309189796447753906e-01,-7.469586133956909180e-01
-6.322280168533325195e-01,-7.471832036972045898e-01
-6.335369944572448730e-01,-7.474077939987182617e-01
-6.348459720611572266e-01,-7.476323843002319336e-01
-6.361550092697143555e-01,-7.478569746017456055e-01
-6.374639868736267090e-01,-7.480816245079040527e-01
-6.387730240821838379e-01,-7.483062148094177246e-01
-6.400820016860961914e-01,-7.485308051109313965e-01
-6.413909792900085449e-01,-7.487553954124450684e-01
-6.427000164985656738e-01,-7.489799857139587402e-01
-6.440089941024780273e-01,-7.492045760154724121e-01
-6.453179717063903809e-01,-7.494292259216308594e-01
-6.466270089149475098e-01,-7.496538162231445312e-01
-6.479359865188598633e-01,-7.498784065246582031e-01
-6.492450237274169922e-01,-7.501029968261718750e-01
-6.505540013313293457e-01,-7.503275871276855469e-01
-6.518629789352416992e-01,-7.505521774291992188e-01
-6.531720161437988281e-01,-7.507768273353576660e-01
-6.544809937477111816e-01,-7.510014176368713379e-01
-6.557899713516235352e-01,-7.512260079383850098e-01
-6.570990085601806641e-01,-7.514505982398986816e-01
-6.584079861640930176e-01,-7.516751885414123535e-01
-6.597170233726501465e-01,-7.518997788429260254e-01
-6.610260009765625000e-01,-7.521244287490844727e-01
-6.623349785804748535e-01,-7.523490190505981445e-01
-6.636440157890319824e-01,-7.525736093521118164e-01
-6.649529933929443359e-01,-7.527981996536254883e-01
-6.662619709968566895e-01,-7.530227899551391602e-01
-6.675710082054138184e-01,-7.532473802566528320e-01
-6.688799858093261719e-01,-7.534719705581665039e-01
-6.701890230178833008e-01,-7.536966204643249512e-01
-6.714980006217956543e-01,-7.539212107658386230e-01
-6.728069782257080078e-01,-7.541458010673522949e-01
-6.741160154342651367e-01,-7.543703913688659668e-01
-6.754249930381774902e-01,-7.545949816703796387e-01
-6.767339706420898438e-01,-7.548195719718933105e-01
-6.780430078506469727e-01,-7.550442218780517578e-01
-6.793519854545593262e-01,-7.552688121795654297e-01
-6.806610226631164551e-01,-7.554934024810791016e-01
-6.819700002670288086e-01,-7.557179927825927734e-01
-6.832789778709411621e-01,-7.559425830841064453e-01
-6.845880150794982910e-01,-7.561671733856201172e-01
-6.858969926834106445e-01,-7.563918232917785645e-01
-6.872059702873229980e-01,-7.566164135932922363e-01
-6.885150074958801270e-01,-7.568410038948059082e-01
-6.898239850997924805e-01,-7.570655941963195801e-01
-6.911330223083496094e-01,-7.572901844978332520e-01
-6.924419999122619629e-01,-7.575147747993469238e-01
-6.937509775161743164e-01,-7.577394247055053711e-01
-6.950600147247314453e-01,-7.579640150070190430e-01
-6.963689923286437988e-01,-7.581886053085327148e-01
-6.976780295372009277e-01,-7.584131956100463867e-01
-6.989870071411132812e-01,-7.586377859115600586e-01
-7.002959847450256348e-01,-7.588623762130737305e-01
-7.016050219535827637e-01,-7.590870261192321777e-01
-7.029139995574951172e-01,-7.593116164207458496e-01
-7.042229771614074707e-01,-7.595362067222595215e-01
-7.055320143699645996e-01,-7.597607970237731934e-01
-7.068409919738769531e-01,-7.599853873252868652e-01
-7.081500291824340820e-01,-7.602099776268005371e-01
-7.094590067863464355e-01,-7.604346275329589844e-01
-7.107679843902587891e-01,-7.606592178344726562e-01
-7.120770215988159180e-01,-7.608838081359863281e-01
-7.133859992027282715e-01,-7.611083984375000000e-01
-7.146949768066406250e-01,-7.613329887390136719e-01
-7.160040140151977539e-01,-7.615575790405273438e-01
-7.173129916191101074e-01,-7.617822289466857910e-01
-7.186220288276672363e-01,-7.620068192481994629e-01
-7.199310064315795898e-01,-7.622314095497131348e-01
-7.212399840354919434e-01,-7.624559998512268066e-01
-7.225490212440490723e-01,-7.626805901527404785e-01
-7.238579988479614258e-01,-7.629051804542541504e-01
-7.251669764518737793e-01,-7.631297707557678223e-01
-7.264760136604309082e-01,-7.633544206619262695e-01
-7.277849912643432617e-01,-7.635790109634399414e-01
-7.290940284729003906e-01,-7.638036012649536133e-01
-7.304030060768127441e-01,-7.640281915664672852e-01
-7.317119836807250977e-01,-7.642527818679809570e-01
-7.330210208892822266e-01,-7.644773721694946289e-01
-7.343299984931945801e-01,-7.647020220756530762e-01
-7.356389760971069336e-01,-7.649266123771667480e-01
-7.369480133056640625e-01,-7.651512026786804199e-01
-7.382569909095764160e-01,-7.653757929801940918e-01
-7.395660281181335449e-01,-7.656003832817077637e-01
-7.408750057220458984e-01,-7.658249735832214355e-01
-7.421839833259582520e-01,-7.660496234893798828e-01
-7.434930205345153809e-01,-7.662742137908935547e-01
-7.448019981384277344e-01,-7.664988040924072266e-01
-7.461109757423400879e-01,-7.667233943939208984e-01
-7.474200129508972168e-01,-7.669479846954345703e-01
-7.487289905548095703e-01,-7.671725749969482422e-01
-7.500380277633666992e-01,-7.673972249031066895e-01
-7.513470053672790527e-01,-7.676218152046203613e-01
-7.526559829711914062e-01,-7.678464055061340332e-01
-7.539650201797485352e-01,-7.680709958076477051e-01
-7.552739977836608887e-01,-7.682955861091613770e-01
-7.565829753875732422e-01,-7.685201764106750488e-01
-7.578920125961303711e-01,-7.687448263168334961e-01
-7.592009902000427246e-01,-7.689694166183471680e-01
-7.605100274085998535e-01,-7.691940069198608398e-01
-7.618190050125122070e-01,-7.694185972213745117e-01
-7.631279826164245605e-01,-7.696431875228881836e-01
-7.644370198249816895e-01,-7.698677778244018555e-01
-7.657459974288940430e-01,-7.700924277305603027e-01
-7.670549750328063965e-01,-7.703170180320739746e-01
-7.683640122413635254e-01,-7.705416083335876465e-01
-7.696729898452758789e-01,-7.707661986351013184e-01
-7.709820270538330078e-01,-7.709907889366149902e-01
-7.722910046577453613e-01,-7.712153792381286621e-01
-7.735999822616577148e-01,-7.714400291442871094e-01
-7.749090194702148438e-01,-7.716646194458007812e-01
-7.762179970741271973e-01,-7.718892097473144531e-01
-7.775269746780395508e-01,-7.721138000488281250e-01
-7.788360118865966797e-01,-7.723383903503417969e-01
-7.801449894905090332e-01,-7.725629806518554688e-01
-7.814540266990661621e-01,-7.727875709533691406e-01
-7.827630043029785156e-01,-7.730122208595275879e-01
-7.840719819068908691e-01,-7.732368111610412598e-01
-7.853810191154479980e-01,-7.734614014625549316e-01
-7.866899967193603516e-01,-7.736859917640686035e-01
-7.879989743232727051e-01,-7.739105820655822754e-01
-7.893080115318298340e-01,-7.741351723670959473e-01
-7.906169891357421875e-01,-7.743598222732543945e-01
-7.919260263442993164e-01,-7.745844125747680664e-01
-7.932350039482116699e-01,-7.748090028762817383e-01
-7.945439815521240234e-01,-7.750335931777954102e-01
-7.958530187606811523e-01,-7.752581834793090820e-01
-7.971619963645935059e-01,-7.754827737808227539e-01
-7.984709739685058594e-01,-7.757074236869812012e-01
-7.997800111770629883e-01,-7.759320139884948730e-01
-8.010889887809753418e-01,-7.761566042900085449e-01
-8.023980259895324707e-01,-7.763811945915222168e-01
-8.037070035934448242e-01,-7.766057848930358887e-01
-8.050159811973571777e-01,-7.768303751945495605e-01
-8.063250184059143066e-01,-7.770550251007080078e-01
-8.076339960098266602e-01,-7.772796154022216797e-01
-8.089429736137390137e-01,-7.775042057037353516e-01
-8.102520108222961426e-01,-7.777287960052490234e-01
-8.115609884262084961e-01,-7.779533863067626953e-01
-8.128700256347656250e-01,-7.781779766082763672e-01
-8.141790032386779785e-01,-7.784026265144348145e-01
-8.154879808425903320e-01,-7.786272168159484863e-01
-8.167970180511474609e-01,-7.788518071174621582e-01
-8.181059956550598145e-01,-7.790763974189758301e-01
-8.194149732589721680e-01,-7.793009877204895020e-01
-8.207240104675292969e-01,-7.795255780220031738e-01
-8.220329880714416504e-01,-7.797502279281616211e-01
-8.233420252799987793e-01,-7.799748182296752930e-01
-8.246510028839111328e-01,-7.801994085311889648e-01
-8.259599804878234863e-01,-7.804239988327026367e-01
-8.272690176963806152e-01,-7.806485891342163086e-01
-8.285779953002929688e-01,-7.808731794357299805e-01
-8.298869729042053223e-01,-7.810978293418884277e-01
-8.311960101127624512e-01,-7.813224196434020996e-01
-8.325049877166748047e-01,-7.815470099449157715e-01
-8.338140249252319336e-01,-7.817716002464294434e-01
-8.351230025291442871e-01,-7.819961905479431152e-01
-8.364319801330566406e-01,-7.822207808494567871e-01
-8.377410173416137695e-01,-7.824453711509704590e-01
-8.390499949455261230e-01,-7.826700210571289062e-01
-8.403589725494384766e-01,-7.828946113586425781e-01
-8.416680097579956055e-01,-7.831192016601562500e-01
-8.429769873619079590e-01,-7.833437919616699219e-01
-8.442860245704650879e-01,-7.835683822631835938e-01
-8.455950021743774414e-01,-7.837929725646972656e-01
-8.469039797782897949e-01,-7.840176224708557129e-01
-8.482130169868469238e-01,-7.842422127723693848e-01
-8.495219945907592773e-01,-7.844668030738830566e-01
-8.508309721946716309e-01,-7.846913933753967285e-01
-8.521400094032287598e-01,-7.849159836769104004e-01
-8.534489870071411133e-01,-7.851405739784240723e-01
-8.547580242156982422e-01,-7.853652238845825195e-01
-8.560670018196105957e-01,-7.855898141860961914e-01
-8.573759794235229492e-01,-7.858144044876098633e-01
-8.586850166320800781e-01,-7.860389947891235352e-01
-8.599939942359924316e-01,-7.862635850906372070e-01
-8.613029718399047852e-01,-7.864881753921508789e-01
-8.626120090484619141e-01,-7.867128252983093262e-01
-8.639209866523742676e-01,-7.869374155998229980e-01
-8.652300238609313965e-01,-7.871620059013366699e-01
-8.665390014648437500e-01,-7.873865962028503418e-01
-8.678479790687561035e-01,-7.876111865043640137e-01
-8.691570162773132324e-01,-7.878357768058776855e-01
-8.704659938812255859e-01,-7.880604267120361328e-01
-8.717749714851379395e-01,-7.882850170135498047e-01
-8.730840086936950684e-01,-7.885096073150634766e-01
-8.743929862976074219e-01,-7.887341976165771484e-01
-8.757020235061645508e-01,-7.889587879180908203e-01
-8.770110011100769043e-01,-7.891833782196044922e-01
-8.783199787139892578e-01,-7.894080281257629395e-01
-8.796290159225463867e-01,-7.896326184272766113e-01
-8.809379935264587402e-01,-7.898572087287902832e-01
-8.822469711303710938e-01,-7.900817990303039551e-01
-8.835560083389282227e-01,-7.903063893318176270e-01
-8.848649859428405762e-01,-7.905309796333312988e-01
-8.861740231513977051e-01,-7.907556295394897461e-01
-8.874830007553100586e-01,-7.909802198410034180e-01
-8.887919783592224121e-01,-7.912048101425170898e-01
-8.901010155677795410e-01,-7.914294004440307617e-01
-8.914099931716918945e-01,-7.916539907455444336e-01
-8.927189707756042480e-01,-7.918785810470581055e-01
-8.940280079841613770e-01,-7.921031713485717773e-01
-8.953369855880737305e-01,-7.923278212547302246e-01
-8.966460227966308594e-01,-7.925524115562438965e-01
-8.979550004005432129e-01,-7.927770018577575684e-01
-8.992639780044555664e-01,-7.930015921592712402e-01
-9.005730152130126953e-01,-7.932261824607849121e-01
-9.018819928169250488e-01,-7.934507727622985840e-01
-9.031909704208374023e-01,-7.936754226684570312e-01
-9.038820266723632812e-01,-7.927243709564208984e-01
-9.032639861106872559e-01,-7.915487885475158691e-01
-9.026460051536560059e-01,-7.903732061386108398e-01
-9.020280241966247559e-01,-7.891976237297058105e-01
-9.014099836349487305e-01,-7.880219817161560059e-01
-9.007920026779174805e-01,-7.868463993072509766e-01
-9.001740217208862305e-01,-7.856708168983459473e-01
-8.995559811592102051e-01,-7.844951748847961426e-01
-8.989380002021789551e-01,-7.833195924758911133e-01
-8.983200192451477051e-01,-7.821440100669860840e-01
-8.977019786834716797e-01,-7.809684276580810547e-01
-8.970839977264404297e-01,-7.797927856445312500e-01
-8.964660167694091797e-01,-7.786172032356262207e-01
-8.958479762077331543e-01,-7.774416208267211914e-01
-8.952299952507019043e-01,-7.762659788131713867e-01
-8.946120142936706543e-01,-7.750903964042663574e-01
-8.939939737319946289e-01,-7.739148139953613281e-01
-8.933759927749633789e-01,-7.727391719818115234e-01
-8.927580118179321289e-01,-7.715635895729064941e-01
-8.921399712562561035e-01,-7.703880071640014648e-01
-8.915219902992248535e-01,-7.692124247550964355e-01
-8.909040093421936035e-01,-7.680367827415466309e-01
-8.902860283851623535e-01,-7.668612003326416016e-01
-8.896679878234863281e-01,-7.656856179237365723e-01
-8.890500068664550781e-01,-7.645099759101867676e-01
-8.884320259094238281e-01,-7.633343935012817383e-01
-8.878139853477478027e-01,-7.621588110923767090e-01
-8.871960043907165527e-01,-7.609832286834716797e-01
-8.865780234336853027e-01,-7.598075866699218750e-01
-8.859599828720092773e-01,-7.586320042610168457e-01
-8.853420019149780273e-01,-7.574564218521118164e-01
-8.847240209579467773e-01,-7.562807798385620117e-01
-8.841059803962707520e-01,-7.551051974296569824e-01
-8.834879994392395020e-01,-7.539296150207519531e-01
-8.828700184822082520e-01,-7.527539730072021484e-01
-8.822519779205322266e-01,-7.515783905982971191e-01
-8.816339969635009766e-01,-7.504028081893920898e-01
-8.810160160064697266e-01,-7.492272257804870605e-01
-8.803979754447937012e-01,-7.480515837669372559e-01
-8.797799944877624512e-01,-7.468760013580322266e-01
-8.791620135307312012e-01,-7.457004189491271973e-01
-8.785439729690551758e-01,-7.445247769355773926e-01
-8.779259920120239258e-01,-7.433491945266723633e-01
-8.773080110549926758e-01,-7.421736121177673340e-01
-8.766899704933166504e-01,-7.409980297088623047e-01
-8.760719895362854004e-01,-7.398223876953125000e-01
-8.754540085792541504e-01,-7.386468052864074707e-01
-8.748360276222229004e-01,-7.374712228775024414e-01
-8.742179870605468750e-01,-7.362955808639526367e-01
-8.736000061035156250e-01,-7.351199984550476074e-01
-8.729820251464843750e-01,-7.339444160461425781e-01
-8.723639845848083496e-01,-7.327687740325927734e-01
-8.717460036277770996e-01,-7.315931916236877441e-01
-8.711280226707458496e-01,-7.304176092147827148e-01
-8.705099821090698242e-01,-7.292420268058776855e-01
-8.698920011520385742e-01,-7.280663847923278809e-01
-8.692740201950073242e-01,-7.268908023834228516e-01
-8.686559796333312988e-01,-7.257152199745178223e-01
-8.680379986763000488e-01,-7.245395779609680176e-01
-8.674200177192687988e-01,-7.233639955520629883e-01
-8.668019771575927734e-01,-7.221884131431579590e-01
-8.661839962005615234e-01,-7.210127711296081543e-01
-8.655660152435302734e-01,-7.198371887207031250e-01
-8.649479746818542480e-01,-7.186616063117980957e-01
-8.643299937248229980e-01,-7.174860239028930664e-01
-8.637120127677917480e-01,-7.163103818893432617e-01
-8.630939722061157227e-01,-7.151347994804382324e-01
-8.624759912490844727e-01,-7.139592170715332031e-01
-8.618580102920532227e-01,-7.127835750579833984e-01
-8.612400293350219727e-01,-7.116079926490783691e-01
-8.606219887733459473e-01,-7.104324102401733398e-01
-8.600040078163146973e-01,-7.092568278312683105e-01
-8.593860268592834473e-01,-7.080811858177185059e-01
-8.587679862976074219e-01,-7.069056034088134766e-01
-8.581500053405761719e-01,-7.057300209999084473e-01
-8.575320243835449219e-01,-7.045543789863586426e-01
-8.569139838218688965e-01,-7.033787965774536133e-01
-8.562960028648376465e-01,-7.022032141685485840e-01
-8.556780219078063965e-01,-7.010275721549987793e-01
-8.550599813461303711e-01,-6.998519897460937500e-01
-8.544420003890991211e-01,-6.986764073371887207e-01
-8.538240194320678711e-01,-6.975008249282836914e-01
-8.532059788703918457e-01,-6.963251829147338867e-01
-8.525879979133605957e-01,-6.951496005058288574e-01
-8.519700169563293457e-01,-6.939740180969238281e-01
-8.513519763946533203e-01,-6.927983760833740234e-01
-8.507339954376220703e-01,-6.916227936744689941e-01
-8.501160144805908203e-01,-6.904472112655639648e-01
-8.494979739189147949e-01,-6.892716288566589355e-01
-8.488799929618835449e-01,-6.880959868431091309e-01
-8.482620120048522949e-01,-6.869204044342041016e-01
-8.476439714431762695e-01,-6.857448220252990723e-01
-8.470259904861450195e-01,-6.845691800117492676e-01
-8.464080095291137695e-01,-6.833935976028442383e-01
-8.457900285720825195e-01,-6.822180151939392090e-01
-8.451719880104064941e-01,-6.810423731803894043e-01
-8.445540070533752441e-01,-6.798667907714843750e-01
-8.439360260963439941e-01,-6.786912083625793457e-01
-8.433179855346679688e-01,-6.775156259536743164e-01
-8.427000045776367188e-01,-6.763399839401245117e-01
-8.420820236206054688e-01,-6.751644015312194824e-01
-8.414639830589294434e-01,-6.739888191223144531e-01
-8.408460021018981934e-01,-6.728131771087646484e-01
-8.402280211448669434e-01,-6.716375946998596191e-01
-8.396099805831909180e-01,-6.704620122909545898e-01
-8.389919996261596680e-01,-6.692863702774047852e-01
-8.383740186691284180e-01,-6.681107878684997559e-01
-8.377559781074523926e-01,-6.669352054595947266e-01
-8.371379971504211426e-01,-6.657596230506896973e-01
-8.365200161933898926e-01,-6.645839810371398926e-01
-8.359019756317138672e-01,-6.634083986282348633e-01
-8.352839946746826172e-01,-6.622328162193298340e-01
-8.346660137176513672e-01,-6.610571742057800293e-01
-8.340479731559753418e-01,-6.598815917968750000e-01
-8.334299921989440918e-01,-6.587060093879699707e-01
-8.328120112419128418e-01,-6.575304269790649414e-01
-8.321939706802368164e-01,-6.563547849655151367e-01
-8.315759897232055664e-01,-6.551792025566101074e-01
-8.309580087661743164e-01,-6.540036201477050781e-01
-8.303400278091430664e-01,-6.528279781341552734e-01
-8.297219872474670410e-01,-6.516523957252502441e-01
-8.291040062904357910e-01,-6.504768133163452148e-01
-8.284860253334045410e-01,-6.493011713027954102e-01
-8.278679847717285156e-01,-6.481255888938903809e-01
-8.272500038146972656e-01,-6.469500064849853516e-01
-8.266320228576660156e-01,-6.457744240760803223e-01
-8.260139822959899902e-01,-6.445987820625305176e-01
-8.253960013389587402e-01,-6.434231996536254883e-01
-8.247780203819274902e-01,-6.422476172447204590e-01
-8.241599798202514648e-01,-6.410719752311706543e-01
-8.235419988632202148e-01,-6.398963928222656250e-01
-8.229240179061889648e-01,-6.387208104133605957e-01
-8.223059773445129395e-01,-6.375452280044555664e-01
-8.216879963874816895e-01,-6.363695859909057617e-01
-8.210700154304504395e-01,-6.351940035820007324e-01
-8.204519748687744141e-01,-6.340184211730957031e-01
-8.198339939117431641e-01,-6.328427791595458984e-01
-8.192160129547119141e-01,-6.316671967506408691e-01
-8.185979723930358887e-01,-6.304916143417358398e-01
-8.179799914360046387e-01,-6.293159723281860352e-01
-8.173620104789733887e-01,-6.281403899192810059e-01
-8.167440295219421387e-01,-6.269648075103759766e-01
-8.161259889602661133e-01,-6.257892251014709473e-01
-8.155080080032348633e-01,-6.246135830879211426e-01
-8.148900270462036133e-01,-6.234380006790161133e-01
-8.142719864845275879e-01,-6.222624182701110840e-01
-8.136540055274963379e-01,-6.210867762565612793e-01
-8.130360245704650879e-01,-6.199111938476562500e-01
-8.124179840087890625e-01,-6.187356114387512207e-01
-8.118000030517578125e-01,-6.175600290298461914e-01
-8.111820220947265625e-01,-6.163843870162963867e-01
-8.105639815330505371e-01,-6.152088046073913574e-01
-8.099460005760192871e-01,-6.140332221984863281e-01
-8.093280196189880371e-01,-6.128575801849365234e-01
-8.087099790573120117e-01,-6.116819977760314941e-01
-8.080919981002807617e-01,-6.105064153671264648e-01
-8.074740171432495117e-01,-6.093307733535766602e-01
-8.068559765815734863e-01,-6.081551909446716309e-01
-8.062379956245422363e-01,-6.069796085357666016e-01
-8.056200146675109863e-01,-6.058040261268615723e-01
-8.050019741058349609e-01,-6.046283841133117676e-01
-8.043839931488037109e-01,-6.034528017044067383e-01
-8.037660121917724609e-01,-6.022772192955017090e-01
-8.031479716300964355e-01,-6.011015772819519043e-01
-8.025299906730651855e-01,-5.999259948730468750e-01
-8.019120097160339355e-01,-5.987504124641418457e-01
-8.012940287590026855e-01,-5.975747704505920410e-01
-8.006759881973266602e-01,-5.963991880416870117e-01
-8.000580072402954102e-01,-5.952236056327819824e-01
-7.994400262832641602e-01,-5.940480232238769531e-01
-7.988219857215881348e-01,-5.928723812103271484e-01
-7.982040047645568848e-01,-5.916967988014221191e-01
-7.975860238075256348e-01,-5.905212163925170898e-01
-7.969679832458496094e-01,-5.893455743789672852e-01
-7.963500022888183594e-01,-5.881699919700622559e-01
-7.957320213317871094e-01,-5.869944095611572266e-01
-7.951139807701110840e-01,-5.858188271522521973e-01
-7.944959998130798340e-01,-5.846431851387023926e-01
-7.938780188560485840e-01,-5.834676027297973633e-01
-7.932599782943725586e-01,-5.822920203208923340e-01
-7.926419973373413086e-01,-5.811163783073425293e-01
-7.920240163803100586e-01,-5.799407958984375000e-01
-7.914059758186340332e-01,-5.787652134895324707e-01
-7.907879948616027832e-01,-5.775895714759826660e-01
-7.901700139045715332e-01,-5.764139890670776367e-01
-7.895519733428955078e-01,-5.752384066581726074e-01
-7.889339923858642578e-01,-5.740628242492675781e-01
-7.883160114288330078e-01,-5.728871822357177734e-01
-7.876979708671569824e-01,-5.717115998268127441e-01
-7.870799899101257324e-01,-5.705360174179077148e-01
-7.864620089530944824e-01,-5.693603754043579102e-01
-7.858440279960632324e-01,-5.681847929954528809e-01
-7.852259874343872070e-01,-5.670092105865478516e-01
-7.846080064773559570e-01,-5.658336281776428223e-01
-7.839900255203247070e-01,-5.646579861640930176e-01
-7.833719849586486816e-01,-5.634824037551879883e-01
-7.827540040016174316e-01,-5.623068213462829590e-01
-7.821360230445861816e-01,-5.611311793327331543e-01
-7.815179824829101562e-01,-5.599555969238281250e-01
-7.809000015258789062e-01,-5.587800145149230957e-01
-7.802820205688476562e-01,-5.576043725013732910e-01
-7.796639800071716309e-01,-5.564287900924682617e-01
-7.790459990501403809e-01,-5.552532076835632324e-01
-7.784280180931091309e-01,-5.540776252746582031e-01
-7.778099775314331055e-01,-5.529019832611083984e-01
-7.771919965744018555e-01,-5.517264008522033691e-01
-7.765740156173706055e-01,-5.505508184432983398e-01
-7.759559750556945801e-01,-5.493751764297485352e-01
-7.753379940986633301e-01,-5.481995940208435059e-01
-7.747200131416320801e-01,-5.470240116119384766e-01
-7.741019725799560547e-01,-5.458484292030334473e-01
-7.734839916229248047e-01,-5.446727871894836426e-01
-7.728660106658935547e-01,-5.434972047805786133e-01
-7.722480297088623047e-01,-5.423216223716735840e-01
-7.716299891471862793e-01,-5.411459803581237793e-01
-7.710120081901550293e-01,-5.399703979492187500e-01
-7.703940272331237793e-01,-5.387948155403137207e-01
-7.697759866714477539e-01,-5.376191735267639160e-01
-7.691580057144165039e-01,-5.364435911178588867e-01
-7.685400247573852539e-01,-5.352680087089538574e-01
-7.679219841957092285e-01,-5.340924263000488281e-01
-7.673040032386779785e-01,-5.329167842864990234e-01
-7.666860222816467285e-01,-5.317412018775939941e-01
-7.660679817199707031e-01,-5.305656194686889648e-01
-7.654500007629394531e-01,-5.293899774551391602e-01
-7.648320198059082031e-01,-5.282143950462341309e-01
-7.642139792442321777e-01,-5.270388126373291016e-01
-7.635959982872009277e-01,-5.258631706237792969e-01
-7.629780173301696777e-01,-5.246875882148742676e-01
-7.623599767684936523e-01,-5.235120058059692383e-01
-7.617419958114624023e-01,-5.223364233970642090e-01
-7.611240148544311523e-01,-5.211607813835144043e-01
-7.605059742927551270e-01,-5.199851989746093750e-01
-7.598879933357238770e-01,-5.188096165657043457e-01
-7.592700123786926270e-01,-5.176339745521545410e-01
-7.586519718170166016e-01,-5.164583921432495117e-01
-7.580339908599853516e-01,-5.152828097343444824e-01
-7.574160099029541016e-01,-5.141072273254394531e-01
-7.567980289459228516e-01,-5.129315853118896484e-01
-7.561799883842468262e-01,-5.117560029029846191e-01
-7.555620074272155762e-01,-5.105804204940795898e-01
-7.549440264701843262e-01,-5.094047784805297852e-01
-7.543259859085083008e-01,-5.082291960716247559e-01
-7.537080049514770508e-01,-5.070536136627197266e-01
-7.530900239944458008e-01,-5.058779716491699219e-01
-7.524719834327697754e-01,-5.047023892402648926e-01
-7.518540024757385254e-01,-5.035268068313598633e-01
-7.512360215187072754e-01,-5.023512244224548340e-01
-7.506179809570312500e-01,-5.011755824089050293e-01
-7.506179809570312500e-01,-4.988243877887725830e-01
-7.512360215187072754e-01,-4.976488053798675537e-01
-7.518540024757385254e-01,-4.964731931686401367e-01
-7.524719834327697754e-01,-4.952976107597351074e-01
-7.530900239944458008e-01,-4.941219985485076904e-01
-7.537080049514770508e-01,-4.929463863372802734e-01
-7.543259859085083008e-01,-4.917708039283752441e-01
-7.549440264701843262e-01,-4.905951917171478271e-01
-7.555620074272155762e-01,-4.894196093082427979e-01
-7.561799883842468262e-01,-4.882439970970153809e-01
-7.567980289459228516e-01,-4.870684146881103516e-01
-7.574160099029541016e-01,-4.858928024768829346e-01
-7.580339908599853516e-01,-4.847171902656555176e-01
-7.586519718170166016e-01,-4.835416078567504883e-01
-7.592700123786926270e-01,-4.823659956455230713e-01
-7.598879933357238770e-01,-4.811904132366180420e-01
-7.605059742927551270e-01,-4.800148010253906250e-01
-7.611240148544311523e-01,-4.788391888141632080e-01
-7.617419958114624023e-01,-4.776636064052581787e-01
-7.623599767684936523e-01,-4.764879941940307617e-01
-7.629780173301696777e-01,-4.753124117851257324e-01
-7.635959982872009277e-01,-4.741367995738983154e-01
-7.642139792442321777e-01,-4.729611873626708984e-01
-7.648320198059082031e-01,-4.717856049537658691e-01
-7.654500007629394531e-01,-4.706099927425384521e-01
-7.660679817199707031e-01,-4.694344103336334229e-01
-7.666860222816467285e-01,-4.682587981224060059e-01
-7.673040032386779785e-01,-4.670831859111785889e-01
-7.679219841957092285e-01,-4.659076035022735596e-01
-7.685400247573852539e-01,-4.647319912910461426e-01
-7.691580057144165039e-01,-4.635564088821411133e-01
-7.697759866714477539e-01,-4.623807966709136963e-01
-7.703940272331237793e-01,-4.612052142620086670e-01
-7.710120081901550293e-01,-4.600296020507812500e-01
-7.716299891471862793e-01,-4.588539898395538330e-01
-7.722480297088623047e-01,-4.576784074306488037e-01
-7.728660106658935547e-01,-4.565027952194213867e-01
-7.734839916229248047e-01,-4.553272128105163574e-01
-7.741019725799560547e-01,-4.541516005992889404e-01
-7.747200131416320801e-01,-4.529759883880615234e-01
-7.753379940986633301e-01,-4.518004059791564941e-01
-7.759559750556945801e-01,-4.506247937679290771e-01
-7.765740156173706055e-01,-4.494492113590240479e-01
-7.771919965744018555e-01,-4.482735991477966309e-01
-7.778099775314331055e-01,-4.470979869365692139e-01
-7.784280180931091309e-01,-4.459224045276641846e-01
-7.790459990501403809e-01,-4.447467923164367676e-01
-7.796639800071716309e-01,-4.435712099075317383e-01
-7.802820205688476562e-01,-4.423955976963043213e-01
-7.809000015258789062e-01,-4.412199854850769043e-01
-7.815179824829101562e-01,-4.400444030761718750e-01
-7.821360230445861816e-01,-4.388687908649444580e-01
-7.827540040016174316e-01,-4.376932084560394287e-01
-7.833719849586486816e-01,-4.365175962448120117e-01
-7.839900255203247070e-01,-4.353420138359069824e-01
-7.846080064773559570e-01,-4.341664016246795654e-01
-7.852259874343872070e-01,-4.329907894134521484e-01
-7.858440279960632324e-01,-4.318152070045471191e-01
-7.864620089530944824e-01,-4.306395947933197021e-01
-7.870799899101257324e-01,-4.294640123844146729e-01
-7.876979708671569824e-01,-4.282884001731872559e-01
-7.883160114288330078e-01,-4.271127879619598389e-01
-7.889339923858642578e-01,-4.259372055530548096e-01
-7.895519733428955078e-01,-4.247615933418273926e-01
-7.901700139045715332e-01,-4.235860109329223633e-01
-7.907879948616027832e-01,-4.224103987216949463e-01
-7.914059758186340332e-01,-4.212347865104675293e-01
-7.920240163803100586e-01,-4.200592041015625000e-01
-7.926419973373413086e-01,-4.188835918903350830e-01
-7.932599782943725586e-01,-4.177080094814300537e-01
-7.938780188560485840e-01,-4.165323972702026367e-01
-7.944959998130798340e-01,-4.153568148612976074e-01
-7.951139807701110840e-01,-4.141812026500701904e-01
-7.957320213317871094e-01,-4.130055904388427734e-01
-7.963500022888183594e-01,-4.118300080299377441e-01
-7.969679832458496094e-01,-4.106543958187103271e-01
-7.975860238075256348e-01,-4.094788134098052979e-01
-7.982040047645568848e-01,-4.083032011985778809e-01
-7.988219857215881348e-01,-4.071275889873504639e-01
-7.994400262832641602e-01,-4.059520065784454346e-01
-8.000580072402954102e-01,-4.047763943672180176e-01
-8.006759881973266602e-01,-4.036008119583129883e-01
-8.012940287590026855e-01,-4.024251997470855713e-01
-8.019120097160339355e-01,-4.012495875358581543e-01
-8.025299906730651855e-01,-4.000740051269531250e-01
-8.031479716300964355e-01,-3.988983929157257080e-01
-8.037660121917724609e-01,-3.977228105068206787e-01
-8.043839931488037109e-01,-3.965471982955932617e-01
-8.050019741058349609e-01,-3.953715860843658447e-01
-8.056200146675109863e-01,-3.941960036754608154e-01
-8.062379956245422363e-01,-3.930203914642333984e-01
-8.068559765815734863e-01,-3.918448090553283691e-01
-8.074740171432495117e-01,-3.906691968441009521e-01
-8.080919981002807617e-01,-3.894936144351959229e-01
-8.087099790573120117e-01,-3.883180022239685059e-01
-8.093280196189880371e-01,-3.871423900127410889e-01
-8.099460005760192871e-01,-3.859668076038360596e-01
-8.105639815330505371e-01,-3.847911953926086426e-01
-8.111820220947265625e-01,-3.836156129837036133e-01
-8.118000030517578125e-01,-3.824400007724761963e-01
-8.124179840087890625e-01,-3.812643885612487793e-01
-8.130360245704650879e-01,-3.800888061523437500e-01
-8.136540055274963379e-01,-3.789131939411163330e-01
-8.142719864845275879e-01,-3.777376115322113037e-01
-8.148900270462036133e-01,-3.765619993209838867e-01
-8.155080080032348633e-01,-3.753863871097564697e-01
-8.161259889602661133e-01,-3.742108047008514404e-01
-8.167440295219421387e-01,-3.730351924896240234e-01
-8.173620104789733887e-01,-3.718596100807189941e-01
-8.179799914360046387e-01,-3.706839978694915771e-01
-8.185979723930358887e-01,-3.695083856582641602e-01
-8.192160129547119141e-01,-3.683328032493591309e-01
-8.198339939117431641e-01,-3.671571910381317139e-01
-8.204519748687744141e-01,-3.659816086292266846e-01
-8.210700154304504395e-01,-3.648059964179992676e-01
-8.216879963874816895e-01,-3.636304140090942383e-01
-8.223059773445129395e-01,-3.624548017978668213e-01
-8.229240179061889648e-01,-3.612791895866394043e-01
-8.235419988632202148e-01,-3.601036071777343750e-01
-8.241599798202514648e-01,-3.589279949665069580e-01
-8.247780203819274902e-01,-3.577524125576019287e-01
-8.253960013389587402e-01,-3.565768003463745117e-01
-8.260139822959899902e-01,-3.554011881351470947e-01
-8.266320228576660156e-01,-3.542256057262420654e-01
-8.272500038146972656e-01,-3.530499935150146484e-01
-8.278679847717285156e-01,-3.518744111061096191e-01
-8.284860253334045410e-01,-3.506987988948822021e-01
-8.291040062904357910e-01,-3.495231866836547852e-01
-8.297219872474670410e-01,-3.483476042747497559e-01
-8.303400278091430664e-01,-3.471719920635223389e-01
-8.309580087661743164e-01,-3.459964096546173096e-01
-8.315759897232055664e-01,-3.448207974433898926e-01
-8.321939706802368164e-01,-3.436451852321624756e-01
-8.328120112419128418e-01,-3.424696028232574463e-01
-8.334299921989440918e-01,-3.412939906120300293e-01
-8.340479731559753418e-01,-3.401184082031250000e-01
-8.346660137176513672e-01,-3.389427959918975830e-01
-8.352839946746826172e-01,-3.377672135829925537e-01
-8.359019756317138672e-01,-3.365916013717651367e-01
-8.365200161933898926e-01,-3.354159891605377197e-01
-8.371379971504211426e-01,-3.342404067516326904e-01
-8.377559781074523926e-01,-3.330647945404052734e-01
-8.383740186691284180e-01,-3.318892121315002441e-01
-8.389919996261596680e-01,-3.307135999202728271e-01
-8.396099805831909180e-01,-3.295379877090454102e-01
-8.402280211448669434e-01,-3.283624053001403809e-01
-8.408460021018981934e-01,-3.271867930889129639e-01
-8.414639830589294434e-01,-3.260112106800079346e-01
-8.420820236206054688e-01,-3.248355984687805176e-01
-8.427000045776367188e-01,-3.236599862575531006e-01
-8.433179855346679688e-01,-3.224844038486480713e-01
-8.439360260963439941e-01,-3.213087916374206543e-01
-8.445540070533752441e-01,-3.201332092285156250e-01
-8.451719880104064941e-01,-3.189575970172882080e-01
-8.457900285720825195e-01,-3.177820146083831787e-01
-8.464080095291137695e-01,-3.166064023971557617e-01
-8.470259904861450195e-01,-3.154307901859283447e-01
-8.476439714431762695e-01,-3.142552077770233154e-01
-8.482620120048522949e-01,-3.130795955657958984e-01
-8.488799929618835449e-01,-3.119040131568908691e-01
-8.494979739189147949e-01,-3.107284009456634521e-01
-8.501160144805908203e-01,-3.095527887344360352e-01
-8.507339954376220703e-01,-3.083772063255310059e-01
-8.513519763946533203e-01,-3.072015941143035889e-01
-8.519700169563293457e-01,-3.060260117053985596e-01
-8.525879979133605957e-01,-3.048503994941711426e-01
-8.532059788703918457e-01,-3.036747872829437256e-01
-8.538240194320678711e-01,-3.024992048740386963e-01
-8.544420003890991211e-01,-3.013235926628112793e-01
-8.550599813461303711e-01,-3.001480102539062500e-01
-8.556780219078063965e-01,-2.989723980426788330e-01
-8.562960028648376465e-01,-2.977967858314514160e-01
-8.569139838218688965e-01,-2.966212034225463867e-01
-8.575320243835449219e-01,-2.954455912113189697e-01
-8.581500053405761719e-01,-2.942700088024139404e-01
-8.587679862976074219e-01,-2.930943965911865234e-01
-8.593860268592834473e-01,-2.919188141822814941e-01
-8.600040078163146973e-01,-2.907432019710540771e-01
-8.606219887733459473e-01,-2.895675897598266602e-01
-8.612400293350219727e-01,-2.883920073509216309e-01
-8.618580102920532227e-01,-2.872163951396942139e-01
-8.624759912490844727e-01,-2.860408127307891846e-01
-8.630939722061157227e-01,-2.848652005195617676e-01
-8.637120127677917480e-01,-2.836895883083343506e-01
-8.643299937248229980e-01,-2.825140058994293213e-01
-8.649479746818542480e-01,-2.813383936882019043e-01
-8.655660152435302734e-01,-2.801628112792968750e-01
-8.661839962005615234e-01,-2.789871990680694580e-01
-8.668019771575927734e-01,-2.778115868568420410e-01
-8.674200177192687988e-01,-2.766360044479370117e-01
-8.680379986763000488e-01,-2.754603922367095947e-01
-8.686559796333312988e-01,-2.742848098278045654e-01
-8.692740201950073242e-01,-2.731091976165771484e-01
-8.698920011520385742e-01,-2.719335854053497314e-01
-8.705099821090698242e-01,-2.707580029964447021e-01
-8.711280226707458496e-01,-2.695823907852172852e-01
-8.717460036277770996e-01,-2.684068083763122559e-01
-8.723639845848083496e-01,-2.672311961650848389e-01
-8.729820251464843750e-01,-2.660556137561798096e-01
-8.736000061035156250e-01,-2.648800015449523926e-01
-8.742179870605468750e-01,-2.637043893337249756e-01
-8.748360276222229004e-01,-2.625288069248199463e-01
-8.754540085792541504e-01,-2.613531947135925293e-01
-8.760719895362854004e-01,-2.601776123046875000e-01
-8.766899704933166504e-01,-2.590020000934600830e-01
-8.773080110549926758e-01,-2.578263878822326660e-01
-8.779259920120239258e-01,-2.566508054733276367e-01
-8.785439729690551758e-01,-2.554751932621002197e-01
-8.791620135307312012e-01,-2.542996108531951904e-01
-8.797799944877624512e-01,-2.531239986419677734e-01
-8.803979754447937012e-01,-2.519483864307403564e-01
-8.810160160064697266e-01,-2.507728040218353271e-01
-8.816339969635009766e-01,-2.495972067117691040e-01
-8.822519779205322266e-01,-2.484215945005416870e-01
-8.828700184822082520e-01,-2.472459971904754639e-01
-8.834879994392395020e-01,-2.460703998804092407e-01
-8.841059803962707520e-01,-2.448948025703430176e-01
-8.847240209579467773e-01,-2.437192052602767944e-01
-8.853420019149780273e-01,-2.425435930490493774e-01
-8.859599828720092773e-01,-2.413679957389831543e-01
-8.865780234336853027e-01,-2.401923984289169312e-01
-8.871960043907165527e-01,-2.390168011188507080e-01
-8.878139853477478027e-01,-2.378412038087844849e-01
-8.884320259094238281e-01,-2.366656064987182617e-01
-8.890500068664550781e-01,-2.354899942874908447e-01
-8.896679878234863281e-01,-2.343143969774246216e-01
-8.902860283851623535e-01,-2.331387996673583984e-01
-8.909040093421936035e-01,-2.319632023572921753e-01
-8.915219902992248535e-01,-2.307876050472259521e-01
-8.921399712562561035e-01,-2.296119928359985352e-01
-8.927580118179321289e-01,-2.284363955259323120e-01
-8.933759927749633789e-01,-2.272607982158660889e-01
-8.939939737319946289e-01,-2.260852009057998657e-01
-8.946120142936706543e-01,-2.249096035957336426e-01
-8.952299952507019043e-01,-2.237340062856674194e-01
-8.958479762077331543e-01,-2.225583940744400024e-01
-8.964660167694091797e-01,-2.213827967643737793e-01
-8.970839977264404297e-01,-2.202071994543075562e-01
-8.977019786834716797e-01,-2.190316021442413330e-01
-8.983200192451477051e-01,-2.178560048341751099e-01
-8.989380002021789551e-01,-2.166803926229476929e-01
-8.995559811592102051e-01,-2.155047953128814697e-01
-9.001740217208862305e-01,-2.143291980028152466e-01
-9.007920026779174805e-01,-2.131536006927490234e-01
-9.014099836349487305e-01,-2.119780033826828003e-01
-9.020280241966247559e-01,-2.108024060726165771e-01
-9.026460051536560059e-01,-2.096267938613891602e-01
-9.032639861106872559e-01,-2.084511965513229370e-01
-9.038820266723632812e-01,-2.072755992412567139e-01
-9.031909704208374023e-01,-2.063246071338653564e-01
-9.018819928169250488e-01,-2.065491974353790283e-01
-9.005730152130126953e-01,-2.067738026380538940e-01
-8.992639780044555664e-01,-2.069983929395675659e-01
-8.979550004005432129e-01,-2.072229981422424316e-01
-8.966460227966308594e-01,-2.074476033449172974e-01
-8.953369855880737305e-01,-2.076721936464309692e-01
-8.940280079841613770e-01,-2.078967988491058350e-01
-8.927189707756042480e-01,-2.081214040517807007e-01
-8.914099931716918945e-01,-2.083459943532943726e-01
-8.901010155677795410e-01,-2.085705995559692383e-01
-8.887919783592224121e-01,-2.087952047586441040e-01
-8.874830007553100586e-01,-2.090197950601577759e-01
-8.861740231513977051e-01,-2.092444002628326416e-01
-8.848649859428405762e-01,-2.094690054655075073e-01
-8.835560083389282227e-01,-2.096935957670211792e-01
-8.822469711303710938e-01,-2.099182009696960449e-01
-8.809379935264587402e-01,-2.101428061723709106e-01
-8.796290159225463867e-01,-2.103673964738845825e-01
-8.783199787139892578e-01,-2.105920016765594482e-01
-8.770110011100769043e-01,-2.108166068792343140e-01
-8.757020235061645508e-01,-2.110411971807479858e-01
-8.743929862976074219e-01,-2.112658023834228516e-01
-8.730840086936950684e-01,-2.114903926849365234e-01
-8.717749714851379395e-01,-2.117149978876113892e-01
-8.704659938812255859e-01,-2.119396030902862549e-01
-8.691570162773132324e-01,-2.121641933917999268e-01
-8.678479790687561035e-01,-2.123887985944747925e-01
-8.665390014648437500e-01,-2.126134037971496582e-01
-8.652300238609313965e-01,-2.128379940986633301e-01
-8.639209866523742676e-01,-2.130625993013381958e-01
-8.626120090484619141e-01,-2.132872045040130615e-01
-8.613029718399047852e-01,-2.135117948055267334e-01
-8.599939942359924316e-01,-2.137364000082015991e-01
-8.586850166320800781e-01,-2.139610052108764648e-01
-8.573759794235229492e-01,-2.141855955123901367e-01
-8.560670018196105957e-01,-2.144102007150650024e-01
-8.547580242156982422e-01,-2.146348059177398682e-01
-8.534489870071411133e-01,-2.148593962192535400e-01
-8.521400094032287598e-01,-2.150840014219284058e-01
-8.508309721946716309e-01,-2.153086066246032715e-01
-8.495219945907592773e-01,-2.155331969261169434e-01
-8.482130169868469238e-01,-2.157578021287918091e-01
-8.469039797782897949e-01,-2.159824073314666748e-01
-8.455950021743774414e-01,-2.162069976329803467e-01
-8.442860245704650879e-01,-2.164316028356552124e-01
-8.429769873619079590e-01,-2.166561931371688843e-01
-8.416680097579956055e-01,-2.168807983398437500e-01
-8.403589725494384766e-01,-2.171054035425186157e-01
-8.390499949455261230e-01,-2.173299938440322876e-01
-8.377410173416137695e-01,-2.175545990467071533e-01
-8.364319801330566406e-01,-2.177792042493820190e-01
-8.351230025291442871e-01,-2.180037945508956909e-01
-8.338140249252319336e-01,-2.182283997535705566e-01
-8.325049877166748047e-01,-2.184530049562454224e-01
-8.311960101127624512e-01,-2.186775952577590942e-01
-8.298869729042053223e-01,-2.189022004604339600e-01
-8.285779953002929688e-01,-2.191268056631088257e-01
-8.272690176963806152e-01,-2.193513959646224976e-01
-8.259599804878234863e-01,-2.195760011672973633e-01
-8.246510028839111328e-01,-2.198006063699722290e-01
-8.233420252799987793e-01,-2.200251966714859009e-01
-8.220329880714416504e-01,-2.202498018741607666e-01
-8.207240104675292969e-01,-2.204744070768356323e-01
-8.194149732589721680e-01,-2.206989973783493042e-01
-8.181059956550598145e-01,-2.209236025810241699e-01
-8.167970180511474609e-01,-2.211481928825378418e-01
-8.154879808425903320e-01,-2.213727980852127075e-01
-8.141790032386779785e-01,-2.215974032878875732e-01
-8.128700256347656250e-01,-2.218219935894012451e-01
-8.115609884262084961e-01,-2.220465987920761108e-01
-8.102520108222961426e-01,-2.222712039947509766e-01
-8.089429736137390137e-01,-2.224957942962646484e-01
-8.076339960098266602e-01,-2.227203994989395142e-01
-8.063250184059143066e-01,-2.229450047016143799e-01
-8.050159811973571777e-01,-2.231695950031280518e-01
-8.037070035934448242e-01,-2.233942002058029175e-01
-8.023980259895324707e-01,-2.236188054084777832e-01
-8.010889887809753418e-01,-2.238433957099914551e-01
-7.997800111770629883e-01,-2.240680009126663208e-01
-7.984709739685058594e-01,-2.242926061153411865e-01
-7.971619963645935059e-01,-2.245171964168548584e-01
-7.958530187606811523e-01,-2.247418016195297241e-01
-7.945439815521240234e-01,-2.249664068222045898e-01
-7.932350039482116699e-01,-2.251909971237182617e-01
-7.919260263442993164e-01,-2.254156023263931274e-01
-7.906169891357421875e-01,-2.256401926279067993e-01
-7.893080115318298340e-01,-2.258647978305816650e-01
-7.879989743232727051e-01,-2.260894030332565308e-01
-7.866899967193603516e-01,-2.263139933347702026e-01
-7.853810191154479980e-01,-2.265385985374450684e-01
-7.840719819068908691e-01,-2.267632037401199341e-01
-7.827630043029785156e-01,-2.269877940416336060e-01
-7.814540266990661621e-01,-2.272123992443084717e-01
-7.801449894905090332e-01,-2.274370044469833374e-01
-7.788360118865966797e-01,-2.276615947484970093e-01
-7.775269746780395508e-01,-2.278861999511718750e-01
-7.762179970741271973e-01,-2.281108051538467407e-01
-7.749090194702148438e-01,-2.283353954553604126e-01
-7.735999822616577148e-01,-2.285600006580352783e-01
-7.722910046577453613e-01,-2.287846058607101440e-01
-7.709820270538330078e-01,-2.290091961622238159e-01
-7.696729898452758789e-01,-2.292338013648986816e-01
-7.683640122413635254e-01,-2.294584065675735474e-01
-7.670549750328063965e-01,-2.296829968690872192e-01
-7.657459974288940430e-01,-2.299076020717620850e-01
-7.644370198249816895e-01,-2.301322072744369507e-01
-7.631279826164245605e-01,-2.303567975759506226e-01
-7.618190050125122070e-01,-2.305814027786254883e-01
-7.605100274085998535e-01,-2.308059930801391602e-01
-7.592009902000427246e-01,-2.310305982828140259e-01
-7.578920125961303711e-01,-2.312552034854888916e-01
-7.565829753875732422e-01,-2.314797937870025635e-01
-7.552739977836608887e-01,-2.317043989896774292e-01
-7.539650201797485352e-01,-2.319290041923522949e-01
-7.526559829711914062e-01,-2.321535944938659668e-01
-7.513470053672790527e-01,-2.323781996965408325e-01
-7.500380277633666992e-01,-2.326028048992156982e-01
-7.487289905548095703e-01,-2.328273952007293701e-01
-7.474200129508972168e-01,-2.330520004034042358e-01
-7.461109757423400879e-01,-2.332766056060791016e-01
-7.448019981384277344e-01,-2.335011959075927734e-01
-7.434930205345153809e-01,-2.337258011102676392e-01
-7.421839833259582520e-01,-2.339504063129425049e-01
-7.408750057220458984e-01,-2.341749966144561768e-01
-7.395660281181335449e-01,-2.343996018171310425e-01
-7.382569909095764160e-01,-2.346242070198059082e-01
-7.369480133056640625e-01,-2.348487973213195801e-01
-7.356389760971069336e-01,-2.350734025239944458e-01
-7.343299984931945801e-01,-2.352979928255081177e-01
-7.330210208892822266e-01,-2.355225980281829834e-01
-7.317119836807250977e-01,-2.357472032308578491e-01
-7.304030060768127441e-01,-2.359717935323715210e-01
-7.290940284729003906e-01,-2.361963987350463867e-01
-7.277849912643432617e-01,-2.364210039377212524e-01
-7.264760136604309082e-01,-2.366455942392349243e-01
-7.251669764518737793e-01,-2.368701994419097900e-01
-7.238579988479614258e-01,-2.370948046445846558e-01
-7.225490212440490723e-01,-2.373193949460983276e-01
-7.212399840354919434e-01,-2.375440001487731934e-01
-7.199310064315795898e-01,-2.377686053514480591e-01
-7.186220288276672363e-01,-2.379931956529617310e-01
-7.173129916191101074e-01,-2.382178008556365967e-01
-7.160040140151977539e-01,-2.384424060583114624e-01
-7.146949768066406250e-01,-2.386669963598251343e-01
-7.133859992027282715e-01,-2.388916015625000000e-01
-7.120770215988159180e-01,-2.391162067651748657e-01
-7.107679843902587891e-01,-2.393407970666885376e-01
-7.094590067863464355e-01,-2.395654022693634033e-01
-7.081500291824340820e-01,-2.397899925708770752e-01
-7.068409919738769531e-01,-2.400145977735519409e-01
-7.055320143699645996e-01,-2.402392029762268066e-01
-7.042229771614074707e-01,-2.404637932777404785e-01
-7.029139995574951172e-01,-2.406883984804153442e-01
-7.016050219535827637e-01,-2.409130036830902100e-01
-7.002959847450256348e-01,-2.411375939846038818e-01
-6.989870071411132812e-01,-2.413621991872787476e-01
-6.976780295372009277e-01,-2.415868043899536133e-01
-6.963689923286437988e-01,-2.418113946914672852e-01
-6.950600147247314453e-01,-2.420359998941421509e-01
-6.937509775161743164e-01,-2.422606050968170166e-01
-6.924419999122619629e-01,-2.424851953983306885e-01
-6.911330223083496094e-01,-2.427098006010055542e-01
-6.898239850997924805e-01,-2.429344058036804199e-01
-6.885150074958801270e-01,-2.431589961051940918e-01
-6.872059702873229980e-01,-2.433836013078689575e-01
-6.858969926834106445e-01,-2.436082065105438232e-01
-6.845880150794982910e-01,-2.438327968120574951e-01
-6.832789778709411621e-01,-2.440574020147323608e-01
-6.819700002670288086e-01,-2.442820072174072266e-01
-6.806610226631164551e-01,-2.445065975189208984e-01
-6.793519854545593262e-01,-2.447312027215957642e-01
-6.780430078506469727e-01,-2.449557930231094360e-01
-6.767339706420898438e-01,-2.451803982257843018e-01
-6.754249930381774902e-01,-2.454050034284591675e-01
-6.741160154342651367e-01,-2.456295937299728394e-01
-6.728069782257080078e-01,-2.458541989326477051e-01
-6.714980006217956543e-01,-2.460788041353225708e-01
-6.701890230178833008e-01,-2.463033944368362427e-01
-6.688799858093261719e-01,-2.465279996395111084e-01
-6.675710082054138184e-01,-2.467526048421859741e-01
-6.662619709968566895e-01,-2.469771951436996460e-01
-6.649529933929443359e-01,-2.472018003463745117e-01
-6.636440157890319824e-01,-2.474264055490493774e-01
-6.623349785804748535e-01,-2.476509958505630493e-01
-6.610260009765625000e-01,-2.478756010532379150e-01
-6.597170233726501465e-01,-2.481002062559127808e-01
-6.584079861640930176e-01,-2.483247965574264526e-01
-6.570990085601806641e-01,-2.485494017601013184e-01
-6.557899713516235352e-01,-2.487740069627761841e-01
-6.544809937477111816e-01,-2.489985972642898560e-01
-6.531720161437988281e-01,-2.492232024669647217e-01
-6.518629789352416992e-01,-2.494477927684783936e-01
-6.505540013313293457e-01,-2.496723979711532593e-01
-6.492450237274169922e-01,-2.498970031738281250e-01
-6.479359865188598633e-01,-2.501215934753417969e-01
-6.466270089149475098e-01,-2.503462135791778564e-01
-6.453179717063903809e-01,-2.505708038806915283e-01
-6.440089941024780273e-01,-2.507953941822052002e-01
-6.427000164985656738e-01,-2.510200142860412598e-01
-6.413909792900085449e-01,-2.512446045875549316e-01
-6.400820016860961914e-01,-2.514691948890686035e-01
-6.387730240821838379e-01,-2.516937851905822754e-01
-6.374639868736267090e-01,-2.519184052944183350e-01
-6.361550092697143555e-01,-2.521429955959320068e-01
-6.348459720611572266e-01,-2.523675858974456787e-01
-6.335369944572448730e-01,-2.525922060012817383e-01
-6.322280168533325195e-01,-2.528167963027954102e-01
-6.309189796447753906e-01,-2.530413866043090820e-01
-6.296100020408630371e-01,-2.532660067081451416e-01
-6.283010244369506836e-01,-2.534905970096588135e-01
-6.269919872283935547e-01,-2.537151873111724854e-01
-6.256830096244812012e-01,-2.539398074150085449e-01
-6.243739724159240723e-01,-2.541643977165222168e-01
-6.230649948120117188e-01,-2.543889880180358887e-01
-6.217560172080993652e-01,-2.546136081218719482e-01
-6.204469799995422363e-01,-2.548381984233856201e-01
-6.191380023956298828e-01,-2.550627887248992920e-01
-6.178290247917175293e-01,-2.552874088287353516e-01
-6.165199875831604004e-01,-2.555119991302490234e-01
-6.152110099792480469e-01,-2.557365894317626953e-01
-6.139019727706909180e-01,-2.559612095355987549e-01
-6.125929951667785645e-01,-2.561857998371124268e-01
-6.112840175628662109e-01,-2.564103901386260986e-01
-6.099749803543090820e-01,-2.566350102424621582e-01
-6.086660027503967285e-01,-2.568596005439758301e-01
-6.073570251464843750e-01,-2.570841908454895020e-01
-6.060479879379272461e-01,-2.573088109493255615e-01
-6.047390103340148926e-01,-2.575334012508392334e-01
-6.034299731254577637e-01,-2.577579915523529053e-01
-6.021209955215454102e-01,-2.579826116561889648e-01
-6.008120179176330566e-01,-2.582072019577026367e-01
-5.995029807090759277e-01,-2.584317922592163086e-01
-5.981940031051635742e-01,-2.586564123630523682e-01
-5.968850255012512207e-01,-2.588810026645660400e-01
-5.955759882926940918e-01,-2.591055929660797119e-01
-5.942670106887817383e-01,-2.593302130699157715e-01
-5.929579734802246094e-01,-2.595548033714294434e-01
-5.916489958763122559e-01,-2.597793936729431152e-01
-5.903400182723999023e-01,-2.600040137767791748e-01
-5.890309810638427734e-01,-2.602286040782928467e-01
-5.877220034599304199e-01,-2.604531943798065186e-01
-5.864130258560180664e-01,-2.606778144836425781e-01
-5.851039886474609375e-01,-2.609024047851562500e-01
-5.837950110435485840e-01,-2.611269950866699219e-01
-5.824859738349914551e-01,-2.613515853881835938e-01
-5.811769962310791016e-01,-2.615762054920196533e-01
-5.798680186271667480e-01,-2.618007957935333252e-01
-5.785589814186096191e-01,-2.620253860950469971e-01
-5.763229727745056152e-01,-2.612988054752349854e-01
-5.753960013389587402e-01,-2.603476047515869141e-01
-5.744689702987670898e-01,-2.593964040279388428e-01
-5.735419988632202148e-01,-2.584452033042907715e-01
-5.726150274276733398e-01,-2.574940025806427002e-01
-5.716879963874816895e-01,-2.565428018569946289e-01
-5.707610249519348145e-01,-2.555916011333465576e-01
-5.698339939117431641e-01,-2.546404004096984863e-01
-5.689070224761962891e-01,-2.536891996860504150e-01
-5.679799914360046387e-01,-2.527379989624023438e-01
-5.670530200004577637e-01,-2.517867982387542725e-01
-5.661259889602661133e-01,-2.508355975151062012e-01
-5.651990175247192383e-01,-2.498843967914581299e-01
-5.642719864845275879e-01,-2.489331960678100586e-01
-5.633450150489807129e-01,-2.479819953441619873e-01
-5.624179840087890625e-01,-2.470307946205139160e-01
-5.614910125732421875e-01,-2.460795938968658447e-01
-5.605639815330505371e-01,-2.451283931732177734e-01
-5.596370100975036621e-01,-2.441772073507308960e-01
-5.587099790573120117e-01,-2.432260066270828247e-01
-5.577830076217651367e-01,-2.422748059034347534e-01
-5.568559765815734863e-01,-2.413236051797866821e-01
-5.559290051460266113e-01,-2.403724044561386108e-01
-5.550019741058349609e-01,-2.394212037324905396e-01
-5.540750026702880859e-01,-2.384700030088424683e-01
-5.531479716300964355e-01,-2.375188022851943970e-01
-5.522210001945495605e-01,-2.365676015615463257e-01
-5.512940287590026855e-01,-2.356164008378982544e-01
-5.503669977188110352e-01,-2.346652001142501831e-01
-5.494400262832641602e-01,-2.337139993906021118e-01
-5.485129952430725098e-01,-2.327627986669540405e-01
-5.475860238075256348e-01,-2.318115979433059692e-01
-5.466589927673339844e-01,-2.308603972196578979e-01
-5.457320213317871094e-01,-2.299091964960098267e-01
-5.448049902915954590e-01,-2.289579957723617554e-01
-5.438780188560485840e-01,-2.280067950487136841e-01
-5.429509878158569336e-01,-2.270555943250656128e-01
-5.420240163803100586e-01,-2.261043936014175415e-01
-5.410969853401184082e-01,-2.251531928777694702e-01
-5.401700139045715332e-01,-2.242020070552825928e-01
-5.392429828643798828e-01,-2.232508063316345215e-01
-5.383160114288330078e-01,-2.222996056079864502e-01
-5.373889803886413574e-01,-2.213484048843383789e-01
-5.364620089530944824e-01,-2.203972041606903076e-01
-5.355349779129028320e-01,-2.194460034370422363e-01
-5.346080064773559570e-01,-2.184948027133941650e-01
-5.336809754371643066e-01,-2.175436019897460938e-01
-5.327540040016174316e-01,-2.165924012660980225e-01
-5.318269729614257812e-01,-2.156412005424499512e-01
-5.309000015258789062e-01,-2.146899998188018799e-01
-5.299729704856872559e-01,-2.137387990951538086e-01
-5.290459990501403809e-01,-2.127875983715057373e-01
-5.281190276145935059e-01,-2.118363976478576660e-01
-5.271919965744018555e-01,-2.108851969242095947e-01
-5.262650251388549805e-01,-2.099339962005615234e-01
-5.253379940986633301e-01,-2.089827954769134521e-01
-5.244110226631164551e-01,-2.080315947532653809e-01
-5.234839916229248047e-01,-2.070803940296173096e-01
-5.225570201873779297e-01,-2.061291933059692383e-01
-5.216299891471862793e-01,-2.051779925823211670e-01
-5.207030177116394043e-01,-2.042268067598342896e-01
-5.197759866714477539e-01,-2.032756060361862183e-01
-5.188490152359008789e-01,-2.023244053125381470e-01
-5.179219841957092285e-01,-2.013732045888900757e-01
-5.169950127601623535e-01,-2.004220038652420044e-01
-5.160679817199707031e-01,-1.994708031415939331e-01
-5.151410102844238281e-01,-1.985196024179458618e-01
-5.142139792442321777e-01,-1.975684016942977905e-01
-5.132870078086853027e-01,-1.966172009706497192e-01
-5.123599767684936523e-01,-1.956660002470016479e-01
-5.114330053329467773e-01,-1.947147995233535767e-01
-5.105059742927551270e-01,-1.937635987997055054e-01
-5.095790028572082520e-01,-1.928123980760574341e-01
-5.086519718170166016e-01,-1.918611973524093628e-01
-5.077250003814697266e-01,-1.909099966287612915e-01
-5.067980289459228516e-01,-1.899587959051132202e-01
-5.058709979057312012e-01,-1.890075951814651489e-01
-5.049440264701843262e-01,-1.880563944578170776e-01
-5.040169954299926758e-01,-1.871051937341690063e-01
-5.030900239944458008e-01,-1.861539930105209351e-01
-5.021629929542541504e-01,-1.852028071880340576e-01
-5.012360215187072754e-01,-1.842516064643859863e-01
-5.003089904785156250e-01,-1.833004057407379150e-01
-4.993819892406463623e-01,-1.823492050170898438e-01
-4.984549880027770996e-01,-1.813980042934417725e-01
-4.975279867649078369e-01,-1.804468035697937012e-01
-4.966009855270385742e-01,-1.794956028461456299e-01
-4.956740140914916992e-01,-1.785444021224975586e-01
-4.947470128536224365e-01,-1.775932013988494873e-01
-4.938200116157531738e-01,-1.766420006752014160e-01
-4.928930103778839111e-01,-1.756907999515533447e-01
-4.919660091400146484e-01,-1.747395992279052734e-01
-4.910390079021453857e-01,-1.737883985042572021e-01
-4.901120066642761230e-01,-1.728371977806091309e-01
-4.891850054264068604e-01,-1.718859970569610596e-01
-4.882580041885375977e-01,-1.709347963333129883e-01
-4.873310029506683350e-01,-1.699835956096649170e-01
-4.864040017127990723e-01,-1.690323948860168457e-01
-4.854770004749298096e-01,-1.680811941623687744e-01
-4.845499992370605469e-01,-1.671299934387207031e-01
-4.836229979991912842e-01,-1.661787927150726318e-01
-4.826959967613220215e-01,-1.652276068925857544e-01
-4.817689955234527588e-01,-1.642764061689376831e-01
-4.808419942855834961e-01,-1.633252054452896118e-01
-4.799149930477142334e-01,-1.623740047216415405e-01
-4.789879918098449707e-01,-1.614228039979934692e-01
-4.780609905719757080e-01,-1.604716032743453979e-01
-4.771339893341064453e-01,-1.595204025506973267e-01
-4.762069880962371826e-01,-1.585692018270492554e-01
-4.752799868583679199e-01,-1.576180011034011841e-01
-4.743529856204986572e-01,-1.566668003797531128e-01
-4.734260141849517822e-01,-1.557155996561050415e-01
-4.724990129470825195e-01,-1.547643989324569702e-01
-4.715720117092132568e-01,-1.538131982088088989e-01
-4.706450104713439941e-01,-1.528619974851608276e-01
-4.697180092334747314e-01,-1.519107967615127563e-01
-4.687910079956054688e-01,-1.509595960378646851e-01
-4.678640067577362061e-01,-1.500083953142166138e-01
-4.669370055198669434e-01,-1.490571945905685425e-01
-4.660100042819976807e-01,-1.481059938669204712e-01
-4.650830030441284180e-01,-1.471547931432723999e-01
-4.641560018062591553e-01,-1.462036073207855225e-01
-4.632290005683898926e-01,-1.452524065971374512e-01
-4.623019993305206299e-01,-1.443012058734893799e-01
-4.613749980926513672e-01,-1.433500051498413086e-01
-4.604479968547821045e-01,-1.423988044261932373e-01
-4.595209956169128418e-01,-1.414476037025451660e-01
-4.585939943790435791e-01,-1.404964029788970947e-01
-4.576669931411743164e-01,-1.395452022552490234e-01
-4.567399919033050537e-01,-1.385940015316009521e-01
-4.558129906654357910e-01,-1.376428008079528809e-01
-4.548859894275665283e-01,-1.366916000843048096e-01
-4.539589881896972656e-01,-1.357403993606567383e-01
-4.530319869518280029e-01,-1.347891986370086670e-01
-4.521049857139587402e-01,-1.338379979133605957e-01
-4.511780142784118652e-01,-1.328867971897125244e-01
-4.502510130405426025e-01,-1.319355964660644531e-01
-4.493240118026733398e-01,-1.309843957424163818e-01
-4.483970105648040771e-01,-1.300331950187683105e-01
-4.474700093269348145e-01,-1.290819942951202393e-01
-4.465430080890655518e-01,-1.281307935714721680e-01
-4.456160068511962891e-01,-1.271795928478240967e-01
-4.446890056133270264e-01,-1.262284070253372192e-01
-4.437620043754577637e-01,-1.252772063016891479e-01
-4.428350031375885010e-01,-1.243259981274604797e-01
-4.419080018997192383e-01,-1.233747974038124084e-01
-4.409810006618499756e-01,-1.224235966801643372e-01
-4.400539994239807129e-01,-1.214724034070968628e-01
-4.391269981861114502e-01,-1.205212026834487915e-01
-4.381999969482421875e-01,-1.195700019598007202e-01
-4.372729957103729248e-01,-1.186188012361526489e-01
-4.363459944725036621e-01,-1.176676005125045776e-01
-4.354189932346343994e-01,-1.167163997888565063e-01
-4.344919919967651367e-01,-1.157651990652084351e-01
-4.335649907588958740e-01,-1.148139983415603638e-01
-4.326379895210266113e-01,-1.138627976179122925e-01
-4.317109882831573486e-01,-1.129115968942642212e-01
-4.307839870452880859e-01,-1.119604036211967468e-01
-4.298569858074188232e-01,-1.110092028975486755e-01
-4.289300143718719482e-01,-1.100580021739006042e-01
-4.280030131340026855e-01,-1.091068014502525330e-01
-4.270760118961334229e-01,-1.081556007266044617e-01
-4.261490106582641602e-01,-1.072044000029563904e-01
-4.252220094203948975e-01,-1.062531992793083191e-01
-4.242950081825256348e-01,-1.053019985556602478e-01
-4.233680069446563721e-01,-1.043507978320121765e-01
-4.224410057067871094e-01,-1.033995971083641052e-01
-4.215140044689178467e-01,-1.024483963847160339e-01
-4.205870032310485840e-01,-1.014972031116485596e-01
-4.196600019931793213e-01,-1.005460023880004883e-01
-4.187330007553100586e-01,-9.959480166435241699e-02
-4.178059995174407959e-01,-9.864360094070434570e-02
-4.168789982795715332e-01,-9.769240021705627441e-02
-4.159519970417022705e-01,-9.674119949340820312e-02
-4.150249958038330078e-01,-9.578999876976013184e-02
-4.140979945659637451e-01,-9.483879804611206055e-02
-4.131709933280944824e-01,-9.388759732246398926e-02
-4.122439920902252197e-01,-9.293639659881591797e-02
-4.113169908523559570e-01,-9.198520332574844360e-02
-4.103899896144866943e-01,-9.103400260210037231e-02
-4.094629883766174316e-01,-9.008280187845230103e-02
-4.085359871387481689e-01,-8.913160115480422974e-02
-4.076089859008789062e-01,-8.818040043115615845e-02
-4.066820144653320312e-01,-8.722919970750808716e-02
-4.057550132274627686e-01,-8.627799898386001587e-02
-4.048280119895935059e-01,-8.532679826021194458e-02
-4.039010107517242432e-01,-8.437559753656387329e-02
-4.029740095138549805e-01,-8.342439681291580200e-02
-4.020470082759857178e-01,-8.247320353984832764e-02
-4.011200070381164551e-01,-8.152200281620025635e-02
-4.001930058002471924e-01,-8.057080209255218506e-02
-3.992660045623779297e-01,-7.961960136890411377e-02
-3.983390033245086670e-01,-7.866840064525604248e-02
-3.974120020866394043e-01,-7.771719992160797119e-02
-3.964850008487701416e-01,-7.676599919795989990e-02
-3.955579996109008789e-01,-7.581479847431182861e-02
-3.946309983730316162e-01,-7.486359775066375732e-02
-3.937039971351623535e-01,-7.391239702701568604e-02
-3.927769958972930908e-01,-7.296119630336761475e-02
-3.918499946594238281e-01,-7.201000303030014038e-02
-3.909229934215545654e-01,-7.105880230665206909e-02
-3.899959921836853027e-01,-7.010760158300399780e-02
-3.890689909458160400e-01,-6.915640085935592651e-02
-3.881419897079467773e-01,-6.820520013570785522e-02
-3.872149884700775146e-01,-6.725399941205978394e-02
-3.862879872322082520e-01,-6.630279868841171265e-02
-3.853609859943389893e-01,-6.535159796476364136e-02
-3.844340145587921143e-01,-6.440039724111557007e-02
-3.835070133209228516e-01,-6.344919651746749878e-02
-3.825800120830535889e-01,-6.249799951910972595e-02
-3.816530108451843262e-01,-6.154679879546165466e-02
-3.807260096073150635e-01,-6.059560179710388184e-02
-3.797990083694458008e-01,-5.964440107345581055e-02
-3.788720071315765381e-01,-5.869320034980773926e-02
-3.779450058937072754e-01,-5.774199962615966797e-02
-3.770180046558380127e-01,-5.679079890251159668e-02
-3.760910034179687500e-01,-5.583959817886352539e-02
-3.751640021800994873e-01,-5.488840118050575256e-02
-3.742370009422302246e-01,-5.393720045685768127e-02
-3.733099997043609619e-01,-5.298599973320960999e-02
-3.723829984664916992e-01,-5.203479900956153870e-02
-3.714559972286224365e-01,-5.108359828591346741e-02
-3.705289959907531738e-01,-5.013240128755569458e-02
-3.696019947528839111e-01,-4.918120056390762329e-02
-3.686749935150146484e-01,-4.822999984025955200e-02
-3.677479922771453857e-01,-4.727879911661148071e-02
-3.668209910392761230e-01,-4.632759839296340942e-02
-3.658939898014068604e-01,-4.537640139460563660e-02
-3.649669885635375977e-01,-4.442520067095756531e-02
-3.640399873256683350e-01,-4.347399994730949402e-02
-3.631129860877990723e-01,-4.252279922366142273e-02
-3.621860146522521973e-01,-4.157159850001335144e-02
-3.612590134143829346e-01,-4.062040150165557861e-02
-3.603320121765136719e-01,-3.966920077800750732e-02
-3.594050109386444092e-01,-3.871800005435943604e-02
-3.584780097007751465e-01,-3.776679933071136475e-02
-3.575510084629058838e-01,-3.681559860706329346e-02
-3.566240072250366211e-01,-3.586440160870552063e-02
-3.556970059871673584e-01,-3.491320088505744934e-02
-3.547700047492980957e-01,-3.396200016140937805e-02
-3.538430035114288330e-01,-3.301079943776130676e-02
-3.529160022735595703e-01,-3.205959871411323547e-02
-3.519890010356903076e-01,-3.110839985311031342e-02
-3.510619997978210449e-01,-3.015719912946224213e-02
-3.501349985599517822e-01,-2.920600026845932007e-02
-3.492079973220825195e-01,-2.825479954481124878e-02
-3.482809960842132568e-01,-2.730360068380832672e-02
-3.473539948463439941e-01,-2.635239996016025543e-02
-3.464269936084747314e-01,-2.540119923651218414e-02
-3.453089892864227295e-01,-2.576440013945102692e-02
-3.451179862022399902e-01,-2.707879990339279175e-02
-3.449270129203796387e-01,-2.839319966733455658e-02
-3.447360098361968994e-01,-2.970759943127632141e-02
-3.445450067520141602e-01,-3.102199919521808624e-02
-3.443540036678314209e-01,-3.233639895915985107e-02
-3.441630005836486816e-01,-3.365080058574676514e-02
-3.439719974994659424e-01,-3.496519848704338074e-02
-3.437809944152832031e-01,-3.627960011363029480e-02
-3.435899913311004639e-01,-3.759400174021720886e-02
-3.433989882469177246e-01,-3.890839964151382446e-02
-3.432079851627349854e-01,-4.022280126810073853e-02
-3.430170118808746338e-01,-4.153719916939735413e-02
-3.428260087966918945e-01,-4.285160079598426819e-02
-3.426350057125091553e-01,-4.416599869728088379e-02
-3.424440026283264160e-01,-4.548040032386779785e-02
-3.422529995441436768e-01,-4.679479822516441345e-02
-3.420619964599609375e-01,-4.810919985175132751e-02
-3.418709933757781982e-01,-4.942360147833824158e-02
-3.416799902915954590e-01,-5.073799937963485718e-02
-3.414889872074127197e-01,-5.205240100622177124e-02
-3.412980139255523682e-01,-5.336679890751838684e-02
-3.411070108413696289e-01,-5.468120053410530090e-02
-3.409160077571868896e-01,-5.599559843540191650e-02
-3.407250046730041504e-01,-5.731000006198883057e-02
-3.405340015888214111e-01,-5.862440168857574463e-02
-3.403429985046386719e-01,-5.993879958987236023e-02
-3.401519954204559326e-01,-6.125320121645927429e-02
-3.399609923362731934e-01,-6.256759911775588989e-02
-3.397699892520904541e-01,-6.388200074434280396e-02
-3.395789861679077148e-01,-6.519640237092971802e-02
-3.393880128860473633e-01,-6.651079654693603516e-02
-3.391970098018646240e-01,-6.782519817352294922e-02
-3.390060067176818848e-01,-6.913959980010986328e-02
-3.388150036334991455e-01,-7.045400142669677734e-02
-3.386240005493164062e-01,-7.176840305328369141e-02
-3.384329974651336670e-01,-7.308279722929000854e-02
-3.382419943809509277e-01,-7.439719885587692261e-02
-3.380509912967681885e-01,-7.571160048246383667e-02
-3.378599882125854492e-01,-7.702600210905075073e-02
-3.376689851284027100e-01,-7.834039628505706787e-02
-3.374780118465423584e-01,-7.965479791164398193e-02
-3.372870087623596191e-01,-8.096919953823089600e-02
-3.370960056781768799e-01,-8.228360116481781006e-02
-3.369050025939941406e-01,-8.359800279140472412e-02
-3.367139995098114014e-01,-8.491239696741104126e-02
-3.365229964256286621e-01,-8.622679859399795532e-02
-3.363319933414459229e-01,-8.754120022058486938e-02
-3.361409902572631836e-01,-8.885560184717178345e-02
-3.359499871730804443e-01,-9.017000347375869751e-02
-3.357590138912200928e-01,-9.148439764976501465e-02
-3.355680108070373535e-01,-9.279879927635192871e-02
-3.353770077228546143e-01,-9.411320090293884277e-02
-3.351860046386718750e-01,-9.542760252952575684e-02
-3.349950015544891357e-01,-9.674199670553207397e-02
-3.348039984703063965e-01,-9.805639833211898804e-02
-3.346129953861236572e-01,-9.937079995870590210e-02
-3.344219923019409180e-01,-1.006852015852928162e-01
-3.342309892177581787e-01,-1.019996032118797302e-01
-3.340399861335754395e-01,-1.033139973878860474e-01
-3.338490128517150879e-01,-1.046283990144729614e-01
-3.336580097675323486e-01,-1.059428006410598755e-01
-3.334670066833496094e-01,-1.072572022676467896e-01
-3.332760035991668701e-01,-1.085715964436531067e-01
-3.330850005149841309e-01,-1.098859980702400208e-01
-3.328939974308013916e-01,-1.112003996968269348e-01
-3.327029943466186523e-01,-1.125148013234138489e-01
-3.325119912624359131e-01,-1.138292029500007629e-01
-3.323209881782531738e-01,-1.151435971260070801e-01
-3.321300148963928223e-01,-1.164579987525939941e-01
-3.319390118122100830e-01,-1.177724003791809082e-01
-3.317480087280273438e-01,-1.190868020057678223e-01
-3.315570056438446045e-01,-1.204012036323547363e-01
-3.313660025596618652e-01,-1.217155978083610535e-01
-3.311749994754791260e-01,-1.230299994349479675e-01
-3.309839963912963867e-01,-1.243444010615348816e-01
-3.307929933071136475e-01,-1.256587952375411987e-01
-3.306019902229309082e-01,-1.269731968641281128e-01
-3.304109871387481689e-01,-1.282875984907150269e-01
-3.302200138568878174e-01,-1.296020001173019409e-01
-3.300290107727050781e-01,-1.309164017438888550e-01
-3.298380076885223389e-01,-1.322308033704757690e-01
-3.296470046043395996e-01,-1.335452049970626831e-01
-3.294560015201568604e-01,-1.348596066236495972e-01
-3.292649984359741211e-01,-1.361739933490753174e-01
-3.290739953517913818e-01,-1.374883949756622314e-01
-3.288829922676086426e-01,-1.388027966022491455e-01
-3.286919891834259033e-01,-1.401171982288360596e-01
-3.285009860992431641e-01,-1.414315998554229736e-01
-3.283100128173828125e-01,-1.427460014820098877e-01
-3.281190097332000732e-01,-1.440604031085968018e-01
-3.279280066490173340e-01,-1.453748047351837158e-01
-3.277370035648345947e-01,-1.466892063617706299e-01
-3.275460004806518555e-01,-1.480035930871963501e-01
-3.273549973964691162e-01,-1.493179947137832642e-01
-3.271639943122863770e-01,-1.506323963403701782e-01
-3.269729912281036377e-01,-1.519467979669570923e-01
-3.267819881439208984e-01,-1.532611995935440063e-01
-3.265910148620605469e-01,-1.545756012201309204e-01
-3.264000117778778076e-01,-1.558900028467178345e-01
-3.262090086936950684e-01,-1.572044044733047485e-01
-3.260180056095123291e-01,-1.585188060998916626e-01
-3.258270025253295898e-01,-1.598331928253173828e-01
-3.256359994411468506e-01,-1.611475944519042969e-01
-3.254449963569641113e-01,-1.624619960784912109e-01
-3.252539932727813721e-01,-1.637763977050781250e-01
-3.250629901885986328e-01,-1.650907993316650391e-01
-3.248719871044158936e-01,-1.664052009582519531e-01
-3.246810138225555420e-01,-1.677196025848388672e-01
-3.244900107383728027e-01,-1.690340042114257812e-01
-3.242990076541900635e-01,-1.703484058380126953e-01
-3.241080045700073242e-01,-1.716627925634384155e-01
-3.239170014858245850e-01,-1.729771941900253296e-01
-3.237259984016418457e-01,-1.742915958166122437e-01
-3.235349953174591064e-01,-1.756059974431991577e-01
-3.233439922332763672e-01,-1.769203990697860718e-01
-3.231529891490936279e-01,-1.782348006963729858e-01
-3.229619860649108887e-01,-1.795492023229598999e-01
-3.227710127830505371e-01,-1.808636039495468140e-01
-3.225800096988677979e-01,-1.821780055761337280e-01
-3.223890066146850586e-01,-1.834924072027206421e-01
-3.221980035305023193e-01,-1.848067939281463623e-01
-3.220070004463195801e-01,-1.861211955547332764e-01
-3.218159973621368408e-01,-1.874355971813201904e-01
-3.216249942779541016e-01,-1.887499988079071045e-01
-3.214339911937713623e-01,-1.900644004344940186e-01
-3.212429881095886230e-01,-1.913788020610809326e-01
-3.210520148277282715e-01,-1.926932036876678467e-01
-3.208610117435455322e-01,-1.940076053142547607e-01
-3.206700086593627930e-01,-1.953220069408416748e-01
-3.204790055751800537e-01,-1.966363936662673950e-01
-3.202880024909973145e-01,-1.979507952928543091e-01
-3.200969994068145752e-01,-1.992651969194412231e-01
-3.199059963226318359e-01,-2.005795985460281372e-01
-3.197149932384490967e-01,-2.018940001726150513e-01
-3.195239901542663574e-01,-2.032084017992019653e-01
-3.193329870700836182e-01,-2.045228034257888794e-01
-3.191420137882232666e-01,-2.058372050523757935e-01
-3.189510107040405273e-01,-2.071516066789627075e-01
-3.187600076198577881e-01,-2.084659934043884277e-01
-3.185690045356750488e-01,-2.097803950309753418e-01
-3.183780014514923096e-01,-2.110947966575622559e-01
-3.181869983673095703e-01,-2.124091982841491699e-01
-3.179959952831268311e-01,-2.137235999107360840e-01
-3.178049921989440918e-01,-2.150380015373229980e-01
-3.176139891147613525e-01,-2.163524031639099121e-01
-3.174229860305786133e-01,-2.176668047904968262e-01
-3.172320127487182617e-01,-2.189812064170837402e-01
-3.170410096645355225e-01,-2.202955931425094604e-01
-3.168500065803527832e-01,-2.216099947690963745e-01
-3.166590034961700439e-01,-2.229243963956832886e-01
-3.164680004119873047e-01,-2.242387980222702026e-01
-3.162769973278045654e-01,-2.255531996488571167e-01
-3.160859942436218262e-01,-2.268676012754440308e-01
-3.158949911594390869e-01,-2.281820029020309448e-01
-3.157039880752563477e-01,-2.294964045286178589e-01
-3.155130147933959961e-01,-2.308108061552047729e-01
-3.153220117092132568e-01,-2.321251928806304932e-01
-3.151310086250305176e-01,-2.334395945072174072e-01
-3.149400055408477783e-01,-2.347539961338043213e-01
-3.147490024566650391e-01,-2.360683977603912354e-01
-3.145579993724822998e-01,-2.373827993869781494e-01
-3.143669962882995605e-01,-2.386972010135650635e-01
-3.141759932041168213e-01,-2.400116026401519775e-01
-3.139849901199340820e-01,-2.413260042667388916e-01
-3.137939870357513428e-01,-2.426404058933258057e-01
-3.136030137538909912e-01,-2.439547926187515259e-01
-3.134120106697082520e-01,-2.452691942453384399e-01
-3.132210075855255127e-01,-2.465835958719253540e-01
-3.130300045013427734e-01,-2.478979974985122681e-01
-3.128390014171600342e-01,-2.492123991250991821e-01
-3.126479983329772949e-01,-2.505267858505249023e-01
-3.124569952487945557e-01,-2.518411874771118164e-01
-3.122659921646118164e-01,-2.531555891036987305e-01
-3.120749890804290771e-01,-2.544699907302856445e-01
-3.118839859962463379e-01,-2.557843923568725586e-01
-3.116930127143859863e-01,-2.570987939834594727e-01
-3.115020096302032471e-01,-2.584131956100463867e-01
-3.113110065460205078e-01,-2.597275972366333008e-01
-3.111200034618377686e-01,-2.610419988632202148e-01
-3.109290003776550293e-01,-2.623564004898071289e-01
-3.107379972934722900e-01,-2.636708021163940430e-01
-3.105469942092895508e-01,-2.649852037429809570e-01
-3.103559911251068115e-01,-2.662996053695678711e-01
-3.101649880409240723e-01,-2.676140069961547852e-01
-3.099740147590637207e-01,-2.689284086227416992e-01
-3.097830116748809814e-01,-2.702428102493286133e-01
-3.095920085906982422e-01,-2.715572118759155273e-01
-3.094010055065155029e-01,-2.728716135025024414e-01
-3.092100024223327637e-01,-2.741859853267669678e-01
-3.090189993381500244e-01,-2.755003869533538818e-01
-3.088279962539672852e-01,-2.768147885799407959e-01
-3.086369931697845459e-01,-2.781291902065277100e-01
-3.084459900856018066e-01,-2.794435918331146240e-01
-3.082549870014190674e-01,-2.807579934597015381e-01
-3.080640137195587158e-01,-2.820723950862884521e-01
-3.078730106353759766e-01,-2.833867967128753662e-01
-3.076820075511932373e-01,-2.847011983394622803e-01
-3.074910044670104980e-01,-2.860155999660491943e-01
-3.073000013828277588e-01,-2.873300015926361084e-01
-3.071089982986450195e-01,-2.886444032192230225e-01
-3.069179952144622803e-01,-2.899588048458099365e-01
-3.067269921302795410e-01,-2.912732064723968506e-01
-3.065359890460968018e-01,-2.925876080989837646e-01
-3.063449859619140625e-01,-2.939020097255706787e-01
-3.061540126800537109e-01,-2.952164113521575928e-01
-3.059630095958709717e-01,-2.965308129787445068e-01
-3.057720065116882324e-01,-2.978452146053314209e-01
-3.055810034275054932e-01,-2.991595864295959473e-01
-3.053900003433227539e-01,-3.004739880561828613e-01
-3.051989972591400146e-01,-3.017883896827697754e-01
-3.050079941749572754e-01,-3.031027913093566895e-01
-3.048169910907745361e-01,-3.044171929359436035e-01
-3.046259880065917969e-01,-3.057315945625305176e-01
-3.044350147247314453e-01,-3.070459961891174316e-01
-3.042440116405487061e-01,-3.083603978157043457e-01
-3.040530085563659668e-01,-3.096747994422912598e-01
-3.038620054721832275e-01,-3.109892010688781738e-01
-3.036710023880004883e-01,-3.123036026954650879e-01
-3.034799993038177490e-01,-3.136180043220520020e-01
-3.032889962196350098e-01,-3.149324059486389160e-01
-3.030979931354522705e-01,-3.162468075752258301e-01
-3.029069900512695312e-01,-3.175612092018127441e-01
-3.027159869670867920e-01,-3.188756108283996582e-01
-3.025250136852264404e-01,-3.201900124549865723e-01
-3.023340106010437012e-01,-3.215044140815734863e-01
-3.021430075168609619e-01,-3.228187859058380127e-01
-3.019520044326782227e-01,-3.241331875324249268e-01
-3.017610013484954834e-01,-3.254475891590118408e-01
-3.015699982643127441e-01,-3.267619907855987549e-01
-3.013789951801300049e-01,-3.280763924121856689e-01
-3.011879920959472656e-01,-3.293907940387725830e-01
-3.009969890117645264e-01,-3.307051956653594971e-01
-3.008059859275817871e-01,-3.320195972919464111e-01
-3.006150126457214355e-01,-3.333339989185333252e-01
-3.004240095615386963e-01,-3.346484005451202393e-01
-3.002330064773559570e-01,-3.359628021717071533e-01
-3.000420033931732178e-01,-3.372772037982940674e-01
-2.998510003089904785e-01,-3.385916054248809814e-01
-2.996599972248077393e-01,-3.399060070514678955e-01
-2.994689941406250000e-01,-3.412204086780548096e-01
-2.992779910564422607e-01,-3.425348103046417236e-01
-2.990869879722595215e-01,-3.438492119312286377e-01
-2.988960146903991699e-01,-3.451636135578155518e-01
-2.987050116062164307e-01,-3.464779853820800781e-01
-2.985140085220336914e-01,-3.477923870086669922e-01
-2.983230054378509521e-01,-3.491067886352539062e-01
-2.981320023536682129e-01,-3.504211902618408203e-01
-2.979409992694854736e-01,-3.517355918884277344e-01
-2.965590059757232666e-01,-3.536378145217895508e-01
-2.953679859638214111e-01,-3.542256057262420654e-01
-2.941769957542419434e-01,-3.548133969306945801e-01
-2.929860055446624756e-01,-3.554011881351470947e-01
-2.917949855327606201e-01,-3.559890091419219971e-01
-2.906039953231811523e-01,-3.565768003463745117e-01
-2.894130051136016846e-01,-3.571645915508270264e-01
-2.882219851016998291e-01,-3.577524125576019287e-01
-2.870309948921203613e-01,-3.583402037620544434e-01
-2.858400046825408936e-01,-3.589279949665069580e-01
-2.846490144729614258e-01,-3.595157861709594727e-01
-2.834579944610595703e-01,-3.601036071777343750e-01
-2.822670042514801025e-01,-3.606913983821868896e-01
-2.810760140419006348e-01,-3.612791895866394043e-01
-2.798849940299987793e-01,-3.618670105934143066e-01
-2.786940038204193115e-01,-3.624548017978668213e-01
-2.775030136108398438e-01,-3.630425930023193359e-01
-2.763119935989379883e-01,-3.636304140090942383e-01
-2.751210033893585205e-01,-3.642182052135467529e-01
-2.739300131797790527e-01,-3.648059964179992676e-01
-2.727389931678771973e-01,-3.653937876224517822e-01
-2.715480029582977295e-01,-3.659816086292266846e-01
-2.703570127487182617e-01,-3.665693998336791992e-01
-2.691659927368164062e-01,-3.671571910381317139e-01
-2.679750025272369385e-01,-3.677450120449066162e-01
-2.667840123176574707e-01,-3.683328032493591309e-01
-2.655929923057556152e-01,-3.689205944538116455e-01
-2.644020020961761475e-01,-3.695083856582641602e-01
-2.632110118865966797e-01,-3.700962066650390625e-01
-2.620199918746948242e-01,-3.706839978694915771e-01
-2.608290016651153564e-01,-3.712717890739440918e-01
-2.596380114555358887e-01,-3.718596100807189941e-01
-2.584469914436340332e-01,-3.724474012851715088e-01
-2.572560012340545654e-01,-3.730351924896240234e-01
-2.560650110244750977e-01,-3.736230134963989258e-01
-2.548739910125732422e-01,-3.742108047008514404e-01
-2.536830008029937744e-01,-3.747985959053039551e-01
-2.524920105934143066e-01,-3.753863871097564697e-01
-2.513009905815124512e-01,-3.759742081165313721e-01
-2.501100003719329834e-01,-3.765619993209838867e-01
-2.489189952611923218e-01,-3.771497905254364014e-01
-2.477280050516128540e-01,-3.777376115322113037e-01
-2.465369999408721924e-01,-3.783254027366638184e-01
-2.453459948301315308e-01,-3.789131939411163330e-01
-2.441550046205520630e-01,-3.795009851455688477e-01
-2.429639995098114014e-01,-3.800888061523437500e-01
-2.417729943990707397e-01,-3.806765973567962646e-01
-2.405820041894912720e-01,-3.812643885612487793e-01
-2.393909990787506104e-01,-3.818522095680236816e-01
-2.381999939680099487e-01,-3.824400007724761963e-01
-2.370090037584304810e-01,-3.830277919769287109e-01
-2.358179986476898193e-01,-3.836156129837036133e-01
-2.346269935369491577e-01,-3.842034041881561279e-01
-2.334360033273696899e-01,-3.847911953926086426e-01
-2.322449982166290283e-01,-3.853789865970611572e-01
-2.310539931058883667e-01,-3.859668076038360596e-01
-2.298630028963088989e-01,-3.865545988082885742e-01
-2.286719977855682373e-01,-3.871423900127410889e-01
-2.274809926748275757e-01,-3.877302110195159912e-01
-2.262900024652481079e-01,-3.883180022239685059e-01
-2.250989973545074463e-01,-3.889057934284210205e-01
-2.239080071449279785e-01,-3.894936144351959229e-01
-2.227170020341873169e-01,-3.900814056396484375e-01
-2.215259969234466553e-01,-3.906691968441009521e-01
-2.203350067138671875e-01,-3.912569880485534668e-01
-2.191440016031265259e-01,-3.918448090553283691e-01
-2.179529964923858643e-01,-3.924326002597808838e-01
-2.167620062828063965e-01,-3.930203914642333984e-01
-2.155710011720657349e-01,-3.936082124710083008e-01
-2.143799960613250732e-01,-3.941960036754608154e-01
-2.131890058517456055e-01,-3.947837948799133301e-01
-2.119980007410049438e-01,-3.953715860843658447e-01
-2.108069956302642822e-01,-3.959594070911407471e-01
-2.096160054206848145e-01,-3.965471982955932617e-01
-2.084250003099441528e-01,-3.971349895000457764e-01
-2.072339951992034912e-01,-3.977228105068206787e-01
-2.060430049896240234e-01,-3.983106017112731934e-01
-2.048519998788833618e-01,-3.988983929157257080e-01
-2.036609947681427002e-01,-3.994862139225006104e-01
-2.024700045585632324e-01,-4.000740051269531250e-01
-2.012789994478225708e-01,-4.006617963314056396e-01
-2.000879943370819092e-01,-4.012495875358581543e-01
-1.988970041275024414e-01,-4.018374085426330566e-01
-1.977059990167617798e-01,-4.024251997470855713e-01
-1.965149939060211182e-01,-4.030129909515380859e-01
-1.953240036964416504e-01,-4.036008119583129883e-01
-1.941329985857009888e-01,-4.041886031627655029e-01
-1.929419934749603271e-01,-4.047763943672180176e-01
-1.917510032653808594e-01,-4.053641855716705322e-01
-1.905599981546401978e-01,-4.059520065784454346e-01
-1.893689930438995361e-01,-4.065397977828979492e-01
-1.881780028343200684e-01,-4.071275889873504639e-01
-1.869869977235794067e-01,-4.077154099941253662e-01
-1.857959926128387451e-01,-4.083032011985778809e-01
-1.846050024032592773e-01,-4.088909924030303955e-01
-1.834139972925186157e-01,-4.094788134098052979e-01
-1.822230070829391479e-01,-4.100666046142578125e-01
-1.810320019721984863e-01,-4.106543958187103271e-01
-1.798409968614578247e-01,-4.112421870231628418e-01
-1.786500066518783569e-01,-4.118300080299377441e-01
-1.774590015411376953e-01,-4.124177992343902588e-01
-1.762679964303970337e-01,-4.130055904388427734e-01
-1.750770062208175659e-01,-4.135934114456176758e-01
-1.738860011100769043e-01,-4.141812026500701904e-01
-1.726949959993362427e-01,-4.147689938545227051e-01
-1.715040057897567749e-01,-4.153568148612976074e-01
-1.703130006790161133e-01,-4.159446060657501221e-01
-1.691219955682754517e-01,-4.165323972702026367e-01
-1.679310053586959839e-01,-4.171201884746551514e-01
-1.667400002479553223e-01,-4.177080094814300537e-01
-1.655489951372146606e-01,-4.182958006858825684e-01
-1.643580049276351929e-01,-4.188835918903350830e-01
-1.631669998168945312e-01,-4.194714128971099854e-01
-1.619759947061538696e-01,-4.200592041015625000e-01
-1.607850044965744019e-01,-4.206469953060150146e-01
-1.595939993858337402e-01,-4.212347865104675293e-01
-1.584029942750930786e-01,-4.218226075172424316e-01
-1.572120040655136108e-01,-4.224103987216949463e-01
-1.560209989547729492e-01,-4.229981899261474609e-01
-1.548299938440322876e-01,-4.235860109329223633e-01
-1.536390036344528198e-01,-4.241738021373748779e-01
-1.524479985237121582e-01,-4.247615933418273926e-01
-1.512569934129714966e-01,-4.253494143486022949e-01
-1.500660032033920288e-01,-4.259372055530548096e-01
-1.488749980926513672e-01,-4.265249967575073242e-01
-1.476839929819107056e-01,-4.271127879619598389e-01
-1.464930027723312378e-01,-4.277006089687347412e-01
-1.453019976615905762e-01,-4.282884001731872559e-01
-1.441109925508499146e-01,-4.288761913776397705e-01
-1.429200023412704468e-01,-4.294640123844146729e-01
-1.417289972305297852e-01,-4.300518035888671875e-01
-1.405380070209503174e-01,-4.306395947933197021e-01
-1.393470019102096558e-01,-4.312273859977722168e-01
-1.381559967994689941e-01,-4.318152070045471191e-01
-1.369650065898895264e-01,-4.324029982089996338e-01
-1.357740014791488647e-01,-4.329907894134521484e-01
-1.345829963684082031e-01,-4.335786104202270508e-01
-1.333920061588287354e-01,-4.341664016246795654e-01
-1.322010010480880737e-01,-4.347541928291320801e-01
-1.310099959373474121e-01,-4.353420138359069824e-01
-1.298190057277679443e-01,-4.359298050403594971e-01
-1.286280006170272827e-01,-4.365175962448120117e-01
-1.274369955062866211e-01,-4.371053874492645264e-01
-1.262460052967071533e-01,-4.376932084560394287e-01
-1.250550001859664917e-01,-4.382809996604919434e-01
-1.238640025258064270e-01,-4.388687908649444580e-01
-1.226729974150657654e-01,-4.394566118717193604e-01
-1.214819997549057007e-01,-4.400444030761718750e-01
-1.202910020947456360e-01,-4.406321942806243896e-01
-1.190999969840049744e-01,-4.412199854850769043e-01
-1.179089993238449097e-01,-4.418078064918518066e-01
-1.167180016636848450e-01,-4.423955976963043213e-01
-1.155269965529441833e-01,-4.429833889007568359e-01
-1.143359988927841187e-01,-4.435712099075317383e-01
-1.131450012326240540e-01,-4.441590011119842529e-01
-1.119540035724639893e-01,-4.447467923164367676e-01
-1.107629984617233276e-01,-4.453346133232116699e-01
-1.095720008015632629e-01,-4.459224045276641846e-01
-1.083810031414031982e-01,-4.465101957321166992e-01
-1.071899980306625366e-01,-4.470979869365692139e-01
-1.059990003705024719e-01,-4.476858079433441162e-01
-1.048080027103424072e-01,-4.482735991477966309e-01
-1.036169975996017456e-01,-4.488613903522491455e-01
-1.024259999394416809e-01,-4.494492113590240479e-01
-1.012350022792816162e-01,-4.500370025634765625e-01
-1.000439971685409546e-01,-4.506247937679290771e-01
-9.885299950838088989e-02,-4.512126147747039795e-01
-9.766200184822082520e-02,-4.518004059791564941e-01
-9.647099673748016357e-02,-4.523881971836090088e-01
-9.527999907732009888e-02,-4.529759883880615234e-01
-9.408900141716003418e-02,-4.535638093948364258e-01
-9.289799630641937256e-02,-4.541516005992889404e-01
-9.170699864625930786e-02,-4.547393918037414551e-01
-9.051600098609924316e-02,-4.553272128105163574e-01
-8.932500332593917847e-02,-4.559150040149688721e-01
-8.813399821519851685e-02,-4.565027952194213867e-01
-8.694300055503845215e-02,-4.570905864238739014e-01
-8.575200289487838745e-02,-4.576784074306488037e-01
-8.456099778413772583e-02,-4.582661986351013184e-01
-8.337000012397766113e-02,-4.588539898395538330e-01
-8.217900246381759644e-02,-4.594418108463287354e-01
-8.098799735307693481e-02,-4.600296020507812500e-01
-7.979699969291687012e-02,-4.606173932552337646e-01
-7.860600203275680542e-02,-4.612052142620086670e-01
-7.741499692201614380e-02,-4.617930054664611816e-01
-7.622399926185607910e-02,-4.623807966709136963e-01
-7.503300160169601440e-02,-4.629685878753662109e-01
-7.384199649095535278e-02,-4.635564088821411133e-01
-7.265099883079528809e-02,-4.641442000865936279e-01
-7.146000117063522339e-02,-4.647319912910461426e-01
-7.026900351047515869e-02,-4.653198122978210449e-01
-6.907799839973449707e-02,-4.659076035022735596e-01
-6.788700073957443237e-02,-4.664953947067260742e-01
-6.669600307941436768e-02,-4.670831859111785889e-01
-6.550499796867370605e-02,-4.676710069179534912e-01
-6.431400030851364136e-02,-4.682587981224060059e-01
-6.312300264835357666e-02,-4.688465893268585205e-01
-6.193200126290321350e-02,-4.694344103336334229e-01
-6.074099987745285034e-02,-4.700222015380859375e-01
-5.954999849200248718e-02,-4.706099927425384521e-01
-5.835900083184242249e-02,-4.711978137493133545e-01
-5.716799944639205933e-02,-4.717856049537658691e-01
-5.597700178623199463e-02,-4.723733961582183838e-01
-5.478600040078163147e-02,-4.729611873626708984e-01
-5.359499901533126831e-02,-4.735490083694458008e-01
-5.240400135517120361e-02,-4.741367995738983154e-01
-5.121299996972084045e-02,-4.747245907783508301e-01
-5.002199858427047729e-02,-4.753124117851257324e-01
-4.883100092411041260e-02,-4.759002029895782471e-01
-4.763999953866004944e-02,-4.764879941940307617e-01
-4.644899815320968628e-02,-4.770757853984832764e-01
-4.525800049304962158e-02,-4.776636064052581787e-01
-4.406699910759925842e-02,-4.782513976097106934e-01
-4.287600144743919373e-02,-4.788391888141632080e-01
-4.168500006198883057e-02,-4.794270098209381104e-01
-4.049399867653846741e-02,-4.800148010253906250e-01
-3.930300101637840271e-02,-4.806025922298431396e-01
-3.811199963092803955e-02,-4.811904132366180420e-01
-3.692099824547767639e-02,-4.817782044410705566e-01
-3.573000058531761169e-02,-4.823659956455230713e-01
-3.453899919986724854e-02,-4.829537868499755859e-01
-3.334800153970718384e-02,-4.835416078567504883e-01
-3.215700015425682068e-02,-4.841293990612030029e-01
-3.096600063145160675e-02,-4.847171902656555176e-01
-2.977499924600124359e-02,-4.853050112724304199e-01
-2.858399972319602966e-02,-4.858928024768829346e-01
-2.739300020039081573e-02,-4.864805936813354492e-01
-2.620200067758560181e-02,-4.870684146881103516e-01
-2.501099929213523865e-02,-4.876562058925628662e-01
-2.381999976933002472e-02,-4.882439970970153809e-01
-2.262900024652481079e-02,-4.888317883014678955e-01
-2.143800072371959686e-02,-4.894196093082427979e-01
-2.024699933826923370e-02,-4.900074005126953125e-01
-1.905599981546401978e-02,-4.905951917171478271e-01
-1.786500029265880585e-02,-4.911830127239227295e-01
-1.667400076985359192e-02,-4.917708039283752441e-01
-1.548300031572580338e-02,-4.923585951328277588e-01
-1.429199986159801483e-02,-4.929463863372802734e-01
-1.310100033879280090e-02,-4.935342073440551758e-01
-1.190999988466501236e-02,-4.941219985485076904e-01
-1.071900036185979843e-02,-4.947097897529602051e-01
-9.527999907732009888e-03,-4.952976107597351074e-01
-8.337000384926795959e-03,-4.958854019641876221e-01
-7.145999930799007416e-03,-4.964731931686401367e-01
-5.954999942332506180e-03,-4.970610141754150391e-01
-4.763999953866004944e-03,-4.976488053798675537e-01
-3.572999965399503708e-03,-4.982365965843200684e-01
-2.381999976933002472e-03,-4.988243877887725830e-01
-1.190999988466501236e-03,-4.994122087955474854e-01
-1.190999988466501236e-03,-5.005878210067749023e-01
-2.381999976933002472e-03,-5.011755824089050293e-01
-3.572999965399503708e-03,-5.017634034156799316e-01
-4.763999953866004944e-03,-5.023512244224548340e-01
-5.954999942332506180e-03,-5.029389858245849609e-01
-7.145999930799007416e-03,-5.035268068313598633e-01
-8.337000384926795959e-03,-5.041146278381347656e-01
-9.527999907732009888e-03,-5.047023892402648926e-01
-1.071900036185979843e-02,-5.052902102470397949e-01
-1.190999988466501236e-02,-5.058779716491699219e-01
-1.310100033879280090e-02,-5.064657926559448242e-01
-1.429199986159801483e-02,-5.070536136627197266e-01
-1.548300031572580338e-02,-5.076413750648498535e-01
-1.667400076985359192e-02,-5.082291960716247559e-01
-1.786500029265880585e-02,-5.088170170783996582e-01
-1.905599981546401978e-02,-5.094047784805297852e-01
-2.024699933826923370e-02,-5.099925994873046875e-01
-2.143800072371959686e-02,-5.105804204940795898e-01
-2.262900024652481079e-02,-5.111681818962097168e-01
-2.381999976933002472e-02,-5.117560029029846191e-01
-2.501099929213523865e-02,-5.123438239097595215e-01
-2.620200067758560181e-02,-5.129315853118896484e-01
-2.739300020039081573e-02,-5.135194063186645508e-01
-2.858399972319602966e-02,-5.141072273254394531e-01
-2.977499924600124359e-02,-5.146949887275695801e-01
-3.096600063145160675e-02,-5.152828097343444824e-01
-3.215700015425682068e-02,-5.158705711364746094e-01
-3.334800153970718384e-02,-5.164583921432495117e-01
-3.453899919986724854e-02,-5.170462131500244141e-01
-3.573000058531761169e-02,-5.176339745521545410e-01
-3.692099824547767639e-02,-5.182217955589294434e-01
-3.811199963092803955e-02,-5.188096165657043457e-01
-3.930300101637840271e-02,-5.193973779678344727e-01
-4.049399867653846741e-02,-5.199851989746093750e-01
-4.168500006198883057e-02,-5.205730199813842773e-01
-4.287600144743919373e-02,-5.211607813835144043e-01
-4.406699910759925842e-02,-5.217486023902893066e-01
-4.525800049304962158e-02,-5.223364233970642090e-01
-4.644899815320968628e-02,-5.229241847991943359e-01
-4.763999953866004944e-02,-5.235120058059692383e-01
-4.883100092411041260e-02,-5.240998268127441406e-01
-5.002199858427047729e-02,-5.246875882148742676e-01
-5.121299996972084045e-02,-5.252754092216491699e-01
-5.240400135517120361e-02,-5.258631706237792969e-01
-5.359499901533126831e-02,-5.264509916305541992e-01
-5.478600040078163147e-02,-5.270388126373291016e-01
-5.597700178623199463e-02,-5.276265740394592285e-01
-5.716799944639205933e-02,-5.282143950462341309e-01
-5.835900083184242249e-02,-5.288022160530090332e-01
-5.954999849200248718e-02,-5.293899774551391602e-01
-6.074099987745285034e-02,-5.299777984619140625e-01
-6.193200126290321350e-02,-5.305656194686889648e-01
-6.312300264835357666e-02,-5.311533808708190918e-01
-6.431400030851364136e-02,-5.317412018775939941e-01
-6.550499796867370605e-02,-5.323290228843688965e-01
-6.669600307941436768e-02,-5.329167842864990234e-01
-6.788700073957443237e-02,-5.335046052932739258e-01
-6.907799839973449707e-02,-5.340924263000488281e-01
-7.026900351047515869e-02,-5.346801877021789551e-01
-7.146000117063522339e-02,-5.352680087089538574e-01
-7.265099883079528809e-02,-5.358558297157287598e-01
-7.384199649095535278e-02,-5.364435911178588867e-01
-7.503300160169601440e-02,-5.370314121246337891e-01
-7.622399926185607910e-02,-5.376191735267639160e-01
-7.741499692201614380e-02,-5.382069945335388184e-01
-7.860600203275680542e-02,-5.387948155403137207e-01
-7.979699969291687012e-02,-5.393825769424438477e-01
-8.098799735307693481e-02,-5.399703979492187500e-01
-8.217900246381759644e-02,-5.405582189559936523e-01
-8.337000012397766113e-02,-5.411459803581237793e-01
-8.456099778413772583e-02,-5.417338013648986816e-01
-8.575200289487838745e-02,-5.423216223716735840e-01
-8.694300055503845215e-02,-5.429093837738037109e-01
-8.813399821519851685e-02,-5.434972047805786133e-01
-8.932500332593917847e-02,-5.440850257873535156e-01
-9.051600098609924316e-02,-5.446727871894836426e-01
-9.170699864625930786e-02,-5.452606081962585449e-01
-9.289799630641937256e-02,-5.458484292030334473e-01
-9.408900141716003418e-02,-5.464361906051635742e-01
-9.527999907732009888e-02,-5.470240116119384766e-01
-9.647099673748016357e-02,-5.476117730140686035e-01
-9.766200184822082520e-02,-5.481995940208435059e-01
-9.885299950838088989e-02,-5.487874150276184082e-01
-1.000439971685409546e-01,-5.493751764297485352e-01
-1.012350022792816162e-01,-5.499629974365234375e-01
-1.024259999394416809e-01,-5.505508184432983398e-01
-1.036169975996017456e-01,-5.511385798454284668e-01
-1.048080027103424072e-01,-5.517264008522033691e-01
-1.059990003705024719e-01,-5.523142218589782715e-01
-1.071899980306625366e-01,-5.529019832611083984e-01
-1.083810031414031982e-01,-5.534898042678833008e-01
-1.095720008015632629e-01,-5.540776252746582031e-01
-1.107629984617233276e-01,-5.546653866767883301e-01
-1.119540035724639893e-01,-5.552532076835632324e-01
-1.131450012326240540e-01,-5.558410286903381348e-01
-1.143359988927841187e-01,-5.564287900924682617e-01
-1.155269965529441833e-01,-5.570166110992431641e-01
-1.167180016636848450e-01,-5.576043725013732910e-01
-1.179089993238449097e-01,-5.581921935081481934e-01
-1.190999969840049744e-01,-5.587800145149230957e-01
-1.202910020947456360e-01,-5.593677759170532227e-01
-1.214819997549057007e-01,-5.599555969238281250e-01
-1.226729974150657654e-01,-5.605434179306030273e-01
-1.238640025258064270e-01,-5.611311793327331543e-01
-1.250550001859664917e-01,-5.617190003395080566e-01
-1.262460052967071533e-01,-5.623068213462829590e-01
-1.274369955062866211e-01,-5.628945827484130859e-01
-1.286280006170272827e-01,-5.634824037551879883e-01
-1.298190057277679443e-01,-5.640702247619628906e-01
-1.310099959373474121e-01,-5.646579861640930176e-01
-1.322010010480880737e-01,-5.652458071708679199e-01
-1.333920061588287354e-01,-5.658336281776428223e-01
-1.345829963684082031e-01,-5.664213895797729492e-01
-1.357740014791488647e-01,-5.670092105865478516e-01
-1.369650065898895264e-01,-5.675969719886779785e-01
-1.381559967994689941e-01,-5.681847929954528809e-01
-1.393470019102096558e-01,-5.687726140022277832e-01
-1.405380070209503174e-01,-5.693603754043579102e-01
-1.417289972305297852e-01,-5.699481964111328125e-01
-1.429200023412704468e-01,-5.705360174179077148e-01
-1.441109925508499146e-01,-5.711237788200378418e-01
-1.453019976615905762e-01,-5.717115998268127441e-01
-1.464930027723312378e-01,-5.722994208335876465e-01
-1.476839929819107056e-01,-5.728871822357177734e-01
-1.488749980926513672e-01,-5.734750032424926758e-01
-1.500660032033920288e-01,-5.740628242492675781e-01
-1.512569934129714966e-01,-5.746505856513977051e-01
-1.524479985237121582e-01,-5.752384066581726074e-01
-1.536390036344528198e-01,-5.758262276649475098e-01
-1.548299938440322876e-01,-5.764139890670776367e-01
-1.560209989547729492e-01,-5.770018100738525391e-01
-1.572120040655136108e-01,-5.775895714759826660e-01
-1.584029942750930786e-01,-5.781773924827575684e-01
-1.595939993858337402e-01,-5.787652134895324707e-01
-1.607850044965744019e-01,-5.793529748916625977e-01
-1.619759947061538696e-01,-5.799407958984375000e-01
-1.631669998168945312e-01,-5.805286169052124023e-01
-1.643580049276351929e-01,-5.811163783073425293e-01
-1.655489951372146606e-01,-5.817041993141174316e-01
-1.667400002479553223e-01,-5.822920203208923340e-01
-1.679310053586959839e-01,-5.828797817230224609e-01
-1.691219955682754517e-01,-5.834676027297973633e-01
-1.703130006790161133e-01,-5.840554237365722656e-01
-1.715040057897567749e-01,-5.846431851387023926e-01
-1.726949959993362427e-01,-5.852310061454772949e-01
-1.738860011100769043e-01,-5.858188271522521973e-01
-1.750770062208175659e-01,-5.864065885543823242e-01
-1.762679964303970337e-01,-5.869944095611572266e-01
-1.774590015411376953e-01,-5.875821709632873535e-01
-1.786500066518783569e-01,-5.881699919700622559e-01
-1.798409968614578247e-01,-5.887578129768371582e-01
-1.810320019721984863e-01,-5.893455743789672852e-01
-1.822230070829391479e-01,-5.899333953857421875e-01
-1.834139972925186157e-01,-5.905212163925170898e-01
-1.846050024032592773e-01,-5.911089777946472168e-01
-1.857959926128387451e-01,-5.916967988014221191e-01
-1.869869977235794067e-01,-5.922846198081970215e-01
-1.881780028343200684e-01,-5.928723812103271484e-01
-1.893689930438995361e-01,-5.934602022171020508e-01
-1.905599981546401978e-01,-5.940480232238769531e-01
-1.917510032653808594e-01,-5.946357846260070801e-01
-1.929419934749603271e-01,-5.952236056327819824e-01
-1.941329985857009888e-01,-5.958114266395568848e-01
-1.953240036964416504e-01,-5.963991880416870117e-01
-1.965149939060211182e-01,-5.969870090484619141e-01
-1.977059990167617798e-01,-5.975747704505920410e-01
-1.988970041275024414e-01,-5.981625914573669434e-01
-2.000879943370819092e-01,-5.987504124641418457e-01
-2.012789994478225708e-01,-5.993381738662719727e-01
-2.024700045585632324e-01,-5.999259948730468750e-01
-2.036609947681427002e-01,-6.005138158798217773e-01
-2.048519998788833618e-01,-6.011015772819519043e-01
-2.060430049896240234e-01,-6.016893982887268066e-01
-2.072339951992034912e-01,-6.022772192955017090e-01
-2.084250003099441528e-01,-6.028649806976318359e-01
-2.096160054206848145e-01,-6.034528017044067383e-01
-2.108069956302642822e-01,-6.040406227111816406e-01
-2.119980007410049438e-01,-6.046283841133117676e-01
-2.131890058517456055e-01,-6.052162051200866699e-01
-2.143799960613250732e-01,-6.058040261268615723e-01
-2.155710011720657349e-01,-6.063917875289916992e-01
-2.167620062828063965e-01,-6.069796085357666016e-01
-2.179529964923858643e-01,-6.075674295425415039e-01
-2.191440016031265259e-01,-6.081551909446716309e-01
-2.203350067138671875e-01,-6.087430119514465332e-01
-2.215259969234466553e-01,-6.093307733535766602e-01
-2.227170020341873169e-01,-6.099185943603515625e-01
-2.239080071449279785e-01,-6.105064153671264648e-01
-2.250989973545074463e-01,-6.110941767692565918e-01
-2.262900024652481079e-01,-6.116819977760314941e-01
-2.274809926748275757e-01,-6.122698187828063965e-01
-2.286719977855682373e-01,-6.128575801849365234e-01
-2.298630028963088989e-01,-6.134454011917114258e-01
-2.310539931058883667e-01,-6.140332221984863281e-01
-2.322449982166290283e-01,-6.146209836006164551e-01
-2.334360033273696899e-01,-6.152088046073913574e-01
-2.346269935369491577e-01,-6.157966256141662598e-01
-2.358179986476898193e-01,-6.163843870162963867e-01
-2.370090037584304810e-01,-6.169722080230712891e-01
-2.381999939680099487e-01,-6.175600290298461914e-01
-2.393909990787506104e-01,-6.181477904319763184e-01
-2.405820041894912720e-01,-6.187356114387512207e-01
-2.417729943990707397e-01,-6.193233728408813477e-01
-2.429639995098114014e-01,-6.199111938476562500e-01
-2.441550046205520630e-01,-6.204990148544311523e-01
-2.453459948301315308e-01,-6.210867762565612793e-01
-2.465369999408721924e-01,-6.216745972633361816e-01
-2.477280050516128540e-01,-6.222624182701110840e-01
-2.489189952611923218e-01,-6.228501796722412109e-01
-2.501100003719329834e-01,-6.234380006790161133e-01
-2.513009905815124512e-01,-6.240258216857910156e-01
-2.524920105934143066e-01,-6.246135830879211426e-01
-2.536830008029937744e-01,-6.252014040946960449e-01
-2.548739910125732422e-01,-6.257892251014709473e-01
-2.560650110244750977e-01,-6.263769865036010742e-01
-2.572560012340545654e-01,-6.269648075103759766e-01
-2.584469914436340332e-01,-6.275526285171508789e-01
-2.596380114555358887e-01,-6.281403899192810059e-01
-2.608290016651153564e-01,-6.287282109260559082e-01
-2.620199918746948242e-01,-6.293159723281860352e-01
-2.632110118865966797e-01,-6.299037933349609375e-01
-2.644020020961761475e-01,-6.304916143417358398e-01
-2.655929923057556152e-01,-6.310793757438659668e-01
-2.667840123176574707e-01,-6.316671967506408691e-01
-2.679750025272369385e-01,-6.322550177574157715e-01
-2.691659927368164062e-01,-6.328427791595458984e-01
-2.703570127487182617e-01,-6.334306001663208008e-01
-2.715480029582977295e-01,-6.340184211730957031e-01
-2.727389931678771973e-01,-6.346061825752258301e-01
-2.739300131797790527e-01,-6.351940035820007324e-01
-2.751210033893585205e-01,-6.357818245887756348e-01
-2.763119935989379883e-01,-6.363695859909057617e-01
-2.775030136108398438e-01,-6.369574069976806641e-01
-2.786940038204193115e-01,-6.375452280044555664e-01
-2.798849940299987793e-01,-6.381329894065856934e-01
-2.810760140419006348e-01,-6.387208104133605957e-01
-2.822670042514801025e-01,-6.393085718154907227e-01
-2.834579944610595703e-01,-6.398963928222656250e-01
-2.846490144729614258e-01,-6.404842138290405273e-01
-2.858400046825408936e-01,-6.410719752311706543e-01
-2.870309948921203613e-01,-6.416597962379455566e-01
-2.882219851016998291e-01,-6.422476172447204590e-01
-2.894130051136016846e-01,-6.428353786468505859e-01
-2.906039953231811523e-01,-6.434231996536254883e-01
-2.917949855327606201e-01,-6.440110206604003906e-01
-2.929860055446624756e-01,-6.445987820625305176e-01
-2.941769957542419434e-01,-6.451866030693054199e-01
-2.953679859638214111e-01,-6.457744240760803223e-01
-2.965590059757232666e-01,-6.463621854782104492e-01
7.500000000000000000e-01,6.700000166893005371e-02
2.500000000000000000e-01,6.700000166893005371e-02
0.000000000000000000e+00,5.000000000000000000e-01
2.500000000000000000e-01,9.330000281333923340e-01
7.500000000000000000e-01,9.330000281333923340e-01
1.000000000000000000e+00,5.000000000000000000e-01
7.488009333610534668e-01,6.700000166893005371e-02
7.476019263267517090e-01,6.700000166893005371e-02
7.464028596878051758e-01,6.700000166893005371e-02
7.452038526535034180e-01,6.700000166893005371e-02
7.440047860145568848e-01,6.700000166893005371e-02
7.428057789802551270e-01,6.700000166893005371e-02
7.416067123413085938e-01,6.700000166893005371e-02
7.404076457023620605e-01,6.700000166893005371e-02
7.392086386680603027e-01,6.700000166893005371e-02
7.380095720291137695e-01,6.700000166893005371e-02
7.368105649948120117e-01,6.700000166893005371e-02
7.356114983558654785e-01,6.700000166893005371e-02
7.344124913215637207e-01,6.700000166893005371e-02
7.332134246826171875e-01,6.700000166893005371e-02
7.320144176483154297e-01,6.700000166893005371e-02
7.308153510093688965e-01,6.700000166893005371e-02
7.296162843704223633e-01,6.700000166893005371e-02
7.284172773361206055e-01,6.700000166893005371e-02
7.272182106971740723e-01,6.700000166893005371e-02
7.260192036628723145e-01,6.700000166893005371e-02
7.248201370239257812e-01,6.700000166893005371e-02
7.236211299896240234e-01,6.700000166893005371e-02
7.224220633506774902e-01,6.700000166893005371e-02
7.212229967117309570e-01,6.700000166893005371e-02
7.200239896774291992e-01,6.700000166893005371e-02
7.188249230384826660e-01,6.700000166893005371e-02
7.176259160041809082e-01,6.700000166893005371e-02
7.164268493652343750e-01,6.700000166893005371e-02
7.152278423309326172e-01,6.700000166893005371e-02
7.140287756919860840e-01,6.700000166893005371e-02
7.128297090530395508e-01,6.700000166893005371e-02
7.116307020187377930e-01,6.700000166893005371e-02
7.104316353797912598e-01,6.700000166893005371e-02
7.092326283454895020e-01,6.700000166893005371e-02
7.080335617065429688e-01,6.700000166893005371e-02
7.068345546722412109e-01,6.700000166893005371e-02
7.056354880332946777e-01,6.700000166893005371e-02
7.044364213943481445e-01,6.700000166893005371e-02
7.032374143600463867e-01,6.700000166893005371e-02
7.020383477210998535e-01,6.700000166893005371e-02
7.008393406867980957e-01,6.700000166893005371e-02
6.996402740478515625e-01,6.700000166893005371e-02
6.984412670135498047e-01,6.700000166893005371e-02
6.972422003746032715e-01,6.700000166893005371e-02
6.960431933403015137e-01,6.700000166893005371e-02
6.948441267013549805e-01,6.700000166893005371e-02
6.936450600624084473e-01,6.700000166893005371e-02
6.924460530281066895e-01,6.700000166893005371e-02
6.912469863891601562e-01,6.700000166893005371e-02
6.900479793548583984e-01,6.700000166893005371e-02
6.888489127159118652e-01,6.700000166893005371e-02
6.876499056816101074e-01,6.700000166893005371e-02
6.864508390426635742e-01,6.700000166893005371e-02
6.852517724037170410e-01,6.700000166893005371e-02
6.840527653694152832e-01,6.700000166893005371e-02
6.828536987304687500e-01,6.700000166893005371e-02
6.816546916961669922e-01,6.700000166893005371e-02
6.804556250572204590e-01,6.700000166893005371e-02
6.792566180229187012e-01,6.700000166893005371e-02
6.780575513839721680e-01,6.700000166893005371e-02
6.768584847450256348e-01,6.700000166893005371e-02
6.756594777107238770e-01,6.700000166893005371e-02
6.744604110717773438e-01,6.700000166893005371e-02
6.732614040374755859e-01,6.700000166893005371e-02
6.720623373985290527e-01,6.700000166893005371e-02
6.708633303642272949e-01,6.700000166893005371e-02
6.696642637252807617e-01,6.700000166893005371e-02
6.684652566909790039e-01,6.700000166893005371e-02
6.672661900520324707e-01,6.700000166893005371e-02
6.660671234130859375e-01,6.700000166893005371e-02
6.648681163787841797e-01,6.700000166893005371e-02
6.636690497398376465e-01,6.700000166893005371e-02
6.624700427055358887e-01,6.700000166893005371e-02
6.612709760665893555e-01,6.700000166893005371e-02
6.600719690322875977e-01,6.700000166893005371e-02
6.588729023933410645e-01,6.700000166893005371e-02
6.576738357543945312e-01,6.700000166893005371e-02
6.564748287200927734e-01,6.700000166893005371e-02
6.552757620811462402e-01,6.700000166893005371e-02
6.540767550468444824e-01,6.700000166893005371e-02
6.528776884078979492e-01,6.700000166893005371e-02
6.516786813735961914e-01,6.700000166893005371e-02
6.504796147346496582e-01,6.700000166893005371e-02
6.492805480957031250e-01,6.700000166893005371e-02
6.480815410614013672e-01,6.700000166893005371e-02
6.468824744224548340e-01,6.700000166893005371e-02
6.456834673881530762e-01,6.700000166893005371e-02
6.444844007492065430e-01,6.700000166893005371e-02
6.432853937149047852e-01,6.700000166893005371e-02
6.420863270759582520e-01,6.700000166893005371e-02
6.408872604370117188e-01,6.700000166893005371e-02
6.396882534027099609e-01,6.700000166893005371e-02
6.384891867637634277e-01,6.700000166893005371e-02
6.372901797294616699e-01,6.700000166893005371e-02
6.360911130905151367e-01,6.700000166893005371e-02
6.348921060562133789e-01,6.700000166893005371e-02
6.336930394172668457e-01,6.700000166893005371e-02
6.324940323829650879e-01,6.700000166893005371e-02
6.312949657440185547e-01,6.700000166893005371e-02
6.300958991050720215e-01,6.700000166893005371e-02
6.288968920707702637e-01,6.700000166893005371e-02
6.276978254318237305e-01,6.700000166893005371e-02
6.264988183975219727e-01,6.700000166893005371e-02
6.252997517585754395e-01,6.700000166893005371e-02
6.241007447242736816e-01,6.700000166893005371e-02
6.229016780853271484e-01,6.700000166893005371e-02
6.217026114463806152e-01,6.700000166893005371e-02
6.205036044120788574e-01,6.700000166893005371e-02
6.193045377731323242e-01,6.700000166893005371e-02
6.181055307388305664e-01,6.700000166893005371e-02
6.169064640998840332e-01,6.700000166893005371e-02
6.157074570655822754e-01,6.700000166893005371e-02
6.145083904266357422e-01,6.700000166893005371e-02
6.133093237876892090e-01,6.700000166893005371e-02
6.121103167533874512e-01,6.700000166893005371e-02
6.109112501144409180e-01,6.700000166893005371e-02
6.097122430801391602e-01,6.700000166893005371e-02
6.085131764411926270e-01,6.700000166893005371e-02
6.073141694068908691e-01,6.700000166893005371e-02
6.061151027679443359e-01,6.700000166893005371e-02
6.049160957336425781e-01,6.700000166893005371e-02
6.037170290946960449e-01,6.700000166893005371e-02
6.025179624557495117e-01,6.700000166893005371e-02
6.013189554214477539e-01,6.700000166893005371e-02
6.001198887825012207e-01,6.700000166893005371e-02
5.989208817481994629e-01,6.700000166893005371e-02
5.977218151092529297e-01,6.700000166893005371e-02
5.965228080749511719e-01,6.700000166893005371e-02
5.953237414360046387e-01,6.700000166893005371e-02
5.941246747970581055e-01,6.700000166893005371e-02
5.929256677627563477e-01,6.700000166893005371e-02
5.917266011238098145e-01,6.700000166893005371e-02
5.905275940895080566e-01,6.700000166893005371e-02
5.893285274505615234e-01,6.700000166893005371e-02
5.881295204162597656e-01,6.700000166893005371e-02
5.869304537773132324e-01,6.700000166893005371e-02
5.857313871383666992e-01,6.700000166893005371e-02
5.845323801040649414e-01,6.700000166893005371e-02
5.833333134651184082e-01,6.700000166893005371e-02
5.821343064308166504e-01,6.700000166893005371e-02
5.809352397918701172e-01,6.700000166893005371e-02
5.797362327575683594e-01,6.700000166893005371e-02
5.785371661186218262e-01,6.700000166893005371e-02
5.773381590843200684e-01,6.700000166893005371e-02
5.761390924453735352e-01,6.700000166893005371e-02
5.749400258064270020e-01,6.700000166893005371e-02
5.737410187721252441e-01,6.700000166893005371e-02
5.725419521331787109e-01,6.700000166893005371e-02
5.713429450988769531e-01,6.700000166893005371e-02
5.701438784599304199e-01,6.700000166893005371e-02
5.689448714256286621e-01,6.700000166893005371e-02
5.677458047866821289e-01,6.700000166893005371e-02
5.665467381477355957e-01,6.700000166893005371e-02
5.653477311134338379e-01,6.700000166893005371e-02
5.641486644744873047e-01,6.700000166893005371e-02
5.629496574401855469e-01,6.700000166893005371e-02
5.617505908012390137e-01,6.700000166893005371e-02
5.605515837669372559e-01,6.700000166893005371e-02
5.593525171279907227e-01,6.700000166893005371e-02
5.581534504890441895e-01,6.700000166893005371e-02
5.569544434547424316e-01,6.700000166893005371e-02
5.557553768157958984e-01,6.700000166893005371e-02
5.545563697814941406e-01,6.700000166893005371e-02
5.533573031425476074e-01,6.700000166893005371e-02
5.521582961082458496e-01,6.700000166893005371e-02
5.509592294692993164e-01,6.700000166893005371e-02
5.497601628303527832e-01,6.700000166893005371e-02
5.485611557960510254e-01,6.700000166893005371e-02
5.473620891571044922e-01,6.700000166893005371e-02
5.461630821228027344e-01,6.700000166893005371e-02
5.449640154838562012e-01,6.700000166893005371e-02
5.437650084495544434e-01,6.700000166893005371e-02
5.425659418106079102e-01,6.700000166893005371e-02
5.413669347763061523e-01,6.700000166893005371e-02
5.401678681373596191e-01,6.700000166893005371e-02
5.389688014984130859e-01,6.700000166893005371e-02
5.377697944641113281e-01,6.700000166893005371e-02
5.365707278251647949e-01,6.700000166893005371e-02
5.353717207908630371e-01,6.700000166893005371e-02
5.341726541519165039e-01,6.700000166893005371e-02
5.329736471176147461e-01,6.700000166893005371e-02
5.317745804786682129e-01,6.700000166893005371e-02
5.305755138397216797e-01,6.700000166893005371e-02
5.293765068054199219e-01,6.700000166893005371e-02
5.281774401664733887e-01,6.700000166893005371e-02
5.269784331321716309e-01,6.700000166893005371e-02
5.257793664932250977e-01,6.700000166893005371e-02
5.245803594589233398e-01,6.700000166893005371e-02
5.233812928199768066e-01,6.700000166893005371e-02
5.221822261810302734e-01,6.700000166893005371e-02
5.209832191467285156e-01,6.700000166893005371e-02
5.197841525077819824e-01,6.700000166893005371e-02
5.185851454734802246e-01,6.700000166893005371e-02
5.173860788345336914e-01,6.700000166893005371e-02
5.161870718002319336e-01,6.700000166893005371e-02
5.149880051612854004e-01,6.700000166893005371e-02
5.137889981269836426e-01,6.700000166893005371e-02
5.125899314880371094e-01,6.700000166893005371e-02
5.113908648490905762e-01,6.700000166893005371e-02
5.101918578147888184e-01,6.700000166893005371e-02
5.089927911758422852e-01,6.700000166893005371e-02
5.077937841415405273e-01,6.700000166893005371e-02
5.065947175025939941e-01,6.700000166893005371e-02
5.053957104682922363e-01,6.700000166893005371e-02
5.041966438293457031e-01,6.700000166893005371e-02
5.029975771903991699e-01,6.700000166893005371e-02
5.017985701560974121e-01,6.700000166893005371e-02
5.005995035171508789e-01,6.700000166893005371e-02
4.994004666805267334e-01,6.700000166893005371e-02
4.982014298439025879e-01,6.700000166893005371e-02
4.970023930072784424e-01,6.700000166893005371e-02
4.958033561706542969e-01,6.700000166893005371e-02
4.946043193340301514e-01,6.700000166893005371e-02
4.934052824974060059e-01,6.700000166893005371e-02
4.922062456607818604e-01,6.700000166893005371e-02
4.910072088241577148e-01,6.700000166893005371e-02
4.898081421852111816e-01,6.700000166893005371e-02
4.886091053485870361e-01,6.700000166893005371e-02
4.874100685119628906e-01,6.700000166893005371e-02
4.862110316753387451e-01,6.700000166893005371e-02
4.850119948387145996e-01,6.700000166893005371e-02
4.838129580020904541e-01,6.700000166893005371e-02
4.826139211654663086e-01,6.700000166893005371e-02
4.814148545265197754e-01,6.700000166893005371e-02
4.802158176898956299e-01,6.700000166893005371e-02
4.790167808532714844e-01,6.700000166893005371e-02
4.778177440166473389e-01,6.700000166893005371e-02
4.766187071800231934e-01,6.700000166893005371e-02
4.754196703433990479e-01,6.700000166893005371e-02
4.742206335067749023e-01,6.700000166893005371e-02
4.730215966701507568e-01,6.700000166893005371e-02
4.718225300312042236e-01,6.700000166893005371e-02
4.706234931945800781e-01,6.700000166893005371e-02
4.694244563579559326e-01,6.700000166893005371e-02
4.682254195213317871e-01,6.700000166893005371e-02
4.670263826847076416e-01,6.700000166893005371e-02
4.658273458480834961e-01,6.700000166893005371e-02
4.646283090114593506e-01,6.700000166893005371e-02
4.634292423725128174e-01,6.700000166893005371e-02
4.622302055358886719e-01,6.700000166893005371e-02
4.610311686992645264e-01,6.700000166893005371e-02
4.598321318626403809e-01,6.700000166893005371e-02
4.586330950260162354e-01,6.700000166893005371e-02
4.574340581893920898e-01,6.700000166893005371e-02
4.562350213527679443e-01,6.700000166893005371e-02
4.550359845161437988e-01,6.700000166893005371e-02
4.538369178771972656e-01,6.700000166893005371e-02
4.526378810405731201e-01,6.700000166893005371e-02
4.514388442039489746e-01,6.700000166893005371e-02
4.502398073673248291e-01,6.700000166893005371e-02
4.490407705307006836e-01,6.700000166893005371e-02
4.478417336940765381e-01,6.700000166893005371e-02
4.466426968574523926e-01,6.700000166893005371e-02
4.454436302185058594e-01,6.700000166893005371e-02
4.442445933818817139e-01,6.700000166893005371e-02
4.430455565452575684e-01,6.700000166893005371e-02
4.418465197086334229e-01,6.700000166893005371e-02
4.406474828720092773e-01,6.700000166893005371e-02
4.394484460353851318e-01,6.700000166893005371e-02
4.382494091987609863e-01,6.700000166893005371e-02
4.370503723621368408e-01,6.700000166893005371e-02
4.358513057231903076e-01,6.700000166893005371e-02
4.346522688865661621e-01,6.700000166893005371e-02
4.334532320499420166e-01,6.700000166893005371e-02
4.322541952133178711e-01,6.700000166893005371e-02
4.310551583766937256e-01,6.700000166893005371e-02
4.298561215400695801e-01,6.700000166893005371e-02
4.286570847034454346e-01,6.700000166893005371e-02
4.274580478668212891e-01,6.700000166893005371e-02
4.262589812278747559e-01,6.700000166893005371e-02
4.250599443912506104e-01,6.700000166893005371e-02
4.238609075546264648e-01,6.700000166893005371e-02
4.226618707180023193e-01,6.700000166893005371e-02
4.214628338813781738e-01,6.700000166893005371e-02
4.202637970447540283e-01,6.700000166893005371e-02
4.190647602081298828e-01,6.700000166893005371e-02
4.178656935691833496e-01,6.700000166893005371e-02
4.166666567325592041e-01,6.700000166893005371e-02
4.154676198959350586e-01,6.700000166893005371e-02
4.142685830593109131e-01,6.700000166893005371e-02
4.130695462226867676e-01,6.700000166893005371e-02
4.118705093860626221e-01,6.700000166893005371e-02
4.106714725494384766e-01,6.700000166893005371e-02
4.094724357128143311e-01,6.700000166893005371e-02
4.082733690738677979e-01,6.700000166893005371e-02
4.070743322372436523e-01,6.700000166893005371e-02
4.058752954006195068e-01,6.700000166893005371e-02
4.046762585639953613e-01,6.700000166893005371e-02
4.034772217273712158e-01,6.700000166893005371e-02
4.022781848907470703e-01,6.700000166893005371e-02
4.010791480541229248e-01,6.700000166893005371e-02
3.998800814151763916e-01,6.700000166893005371e-02
3.986810445785522461e-01,6.700000166893005371e-02
3.974820077419281006e-01,6.700000166893005371e-02
3.962829709053039551e-01,6.700000166893005371e-02
3.950839340686798096e-01,6.700000166893005371e-02
3.938848972320556641e-01,6.700000166893005371e-02
3.926858603954315186e-01,6.700000166893005371e-02
3.914868235588073730e-01,6.700000166893005371e-02
3.902877569198608398e-01,6.700000166893005371e-02
3.890887200832366943e-01,6.700000166893005371e-02
3.878896832466125488e-01,6.700000166893005371e-02
3.866906464099884033e-01,6.700000166893005371e-02
3.854916095733642578e-01,6.700000166893005371e-02
3.842925727367401123e-01,6.700000166893005371e-02
3.830935359001159668e-01,6.700000166893005371e-02
3.818944990634918213e-01,6.700000166893005371e-02
3.806954324245452881e-01,6.700000166893005371e-02
3.794963955879211426e-01,6.700000166893005371e-02
3.782973587512969971e-01,6.700000166893005371e-02
3.770983219146728516e-01,6.700000166893005371e-02
3.758992850780487061e-01,6.700000166893005371e-02
3.747002482414245605e-01,6.700000166893005371e-02
3.735012114048004150e-01,6.700000166893005371e-02
3.723021447658538818e-01,6.700000166893005371e-02
3.711031079292297363e-01,6.700000166893005371e-02
3.699040710926055908e-01,6.700000166893005371e-02
3.687050342559814453e-01,6.700000166893005371e-02
3.675059974193572998e-01,6.700000166893005371e-02
3.663069605827331543e-01,6.700000166893005371e-02
3.651079237461090088e-01,6.700000166893005371e-02
3.639088869094848633e-01,6.700000166893005371e-02
3.627098202705383301e-01,6.700000166893005371e-02
3.615107834339141846e-01,6.700000166893005371e-02
3.603117465972900391e-01,6.700000166893005371e-02
3.591127097606658936e-01,6.700000166893005371e-02
3.579136729240417480e-01,6.700000166893005371e-02
3.567146360874176025e-01,6.700000166893005371e-02
3.555155992507934570e-01,6.700000166893005371e-02
3.543165326118469238e-01,6.700000166893005371e-02
3.531174957752227783e-01,6.700000166893005371e-02
3.519184589385986328e-01,6.700000166893005371e-02
3.507194221019744873e-01,6.700000166893005371e-02
3.495203852653503418e-01,6.700000166893005371e-02
3.483213484287261963e-01,6.700000166893005371e-02
3.471223115921020508e-01,6.700000166893005371e-02
3.459232747554779053e-01,6.700000166893005371e-02
3.447242081165313721e-01,6.700000166893005371e-02
3.435251712799072266e-01,6.700000166893005371e-02
3.423261344432830811e-01,6.700000166893005371e-02
3.411270976066589355e-01,6.700000166893005371e-02
3.399280607700347900e-01,6.700000166893005371e-02
3.387290239334106445e-01,6.700000166893005371e-02
3.375299870967864990e-01,6.700000166893005371e-02
3.363309204578399658e-01,6.700000166893005371e-02
3.351318836212158203e-01,6.700000166893005371e-02
3.339328467845916748e-01,6.700000166893005371e-02
3.327338099479675293e-01,6.700000166893005371e-02
3.315347731113433838e-01,6.700000166893005371e-02
3.303357362747192383e-01,6.700000166893005371e-02
3.291366994380950928e-01,6.700000166893005371e-02
3.279376626014709473e-01,6.700000166893005371e-02
3.267385959625244141e-01,6.700000166893005371e-02
3.255395591259002686e-01,6.700000166893005371e-02
3.243405222892761230e-01,6.700000166893005371e-02
3.231414854526519775e-01,6.700000166893005371e-02
3.219424486160278320e-01,6.700000166893005371e-02
3.207434117794036865e-01,6.700000166893005371e-02
3.195443749427795410e-01,6.700000166893005371e-02
3.183453381061553955e-01,6.700000166893005371e-02
3.171462714672088623e-01,6.700000166893005371e-02
3.159472346305847168e-01,6.700000166893005371e-02
3.147481977939605713e-01,6.700000166893005371e-02
3.135491609573364258e-01,6.700000166893005371e-02
3.123501241207122803e-01,6.700000166893005371e-02
3.111510872840881348e-01,6.700000166893005371e-02
3.099520504474639893e-01,6.700000166893005371e-02
3.087529838085174561e-01,6.700000166893005371e-02
3.075539469718933105e-01,6.700000166893005371e-02
3.063549101352691650e-01,6.700000166893005371e-02
3.051558732986450195e-01,6.700000166893005371e-02
3.039568364620208740e-01,6.700000166893005371e-02
3.027577996253967285e-01,6.700000166893005371e-02
3.015587627887725830e-01,6.700000166893005371e-02
3.003597259521484375e-01,6.700000166893005371e-02
2.991606593132019043e-01,6.700000166893005371e-02
2.979616224765777588e-01,6.700000166893005371e-02
2.967625856399536133e-01,6.700000166893005371e-02
2.955635488033294678e-01,6.700000166893005371e-02
2.943645119667053223e-01,6.700000166893005371e-02
2.931654751300811768e-01,6.700000166893005371e-02
2.919664382934570312e-01,6.700000166893005371e-02
2.907673716545104980e-01,6.700000166893005371e-02
2.895683348178863525e-01,6.700000166893005371e-02
2.883692979812622070e-01,6.700000166893005371e-02
2.871702611446380615e-01,6.700000166893005371e-02
2.859712243080139160e-01,6.700000166893005371e-02
2.847721874713897705e-01,6.700000166893005371e-02
2.835731506347656250e-01,6.700000166893005371e-02
2.823741137981414795e-01,6.700000166893005371e-02
2.811750471591949463e-01,6.700000166893005371e-02
2.799760103225708008e-01,6.700000166893005371e-02
2.787769734859466553e-01,6.700000166893005371e-02
2.775779366493225098e-01,6.700000166893005371e-02
2.763788998126983643e-01,6.700000166893005371e-02
2.751798629760742188e-01,6.700000166893005371e-02
2.739808261394500732e-01,6.700000166893005371e-02
2.727817893028259277e-01,6.700000166893005371e-02
2.715827226638793945e-01,6.700000166893005371e-02
2.703836858272552490e-01,6.700000166893005371e-02
2.691846489906311035e-01,6.700000166893005371e-02
2.679856121540069580e-01,6.700000166893005371e-02
2.667865753173828125e-01,6.700000166893005371e-02
2.655875384807586670e-01,6.700000166893005371e-02
2.643885016441345215e-01,6.700000166893005371e-02
2.631894350051879883e-01,6.700000166893005371e-02
2.619903981685638428e-01,6.700000166893005371e-02
2.607913613319396973e-01,6.700000166893005371e-02
2.595923244953155518e-01,6.700000166893005371e-02
2.583932876586914062e-01,6.700000166893005371e-02
2.571942508220672607e-01,6.700000166893005371e-02
2.559952139854431152e-01,6.700000166893005371e-02
2.547961771488189697e-01,6.700000166893005371e-02
2.535971105098724365e-01,6.700000166893005371e-02
2.523980736732482910e-01,6.700000166893005371e-02
2.511990368366241455e-01,6.700000166893005371e-02
2.493990361690521240e-01,6.804086267948150635e-02
2.487980723381042480e-01,6.908173114061355591e-02
2.481971085071563721e-01,7.012259960174560547e-02
2.475961595773696899e-01,7.116346061229705811e-02
2.469951957464218140e-01,7.220432907342910767e-02
2.463942319154739380e-01,7.324519008398056030e-02
2.457932680845260620e-01,7.428605854511260986e-02
2.451923042535781860e-01,7.532691955566406250e-02
2.445913404226303101e-01,7.636778801679611206e-02
2.439903914928436279e-01,7.740865647792816162e-02
2.433894276618957520e-01,7.844951748847961426e-02
2.427884638309478760e-01,7.949038594961166382e-02
2.421875000000000000e-01,8.053124696016311646e-02
2.415865361690521240e-01,8.157211542129516602e-02
2.409855723381042480e-01,8.261298388242721558e-02
2.403846085071563721e-01,8.365384489297866821e-02
2.397836595773696899e-01,8.469471335411071777e-02
2.391826957464218140e-01,8.573557436466217041e-02
2.385817319154739380e-01,8.677644282579421997e-02
2.379807680845260620e-01,8.781731128692626953e-02
2.373798042535781860e-01,8.885817229747772217e-02
2.367788404226303101e-01,8.989904075860977173e-02
2.361778914928436279e-01,9.093990176916122437e-02
2.355769276618957520e-01,9.198077023029327393e-02
2.349759638309478760e-01,9.302163124084472656e-02
2.343750000000000000e-01,9.406249970197677612e-02
2.337740361690521240e-01,9.510336816310882568e-02
2.331730723381042480e-01,9.614422917366027832e-02
2.325721085071563721e-01,9.718509763479232788e-02
2.319711595773696899e-01,9.822595864534378052e-02
2.313701957464218140e-01,9.926682710647583008e-02
2.307692319154739380e-01,1.003076955676078796e-01
2.301682680845260620e-01,1.013485565781593323e-01
2.295673042535781860e-01,1.023894250392913818e-01
2.289663404226303101e-01,1.034302860498428345e-01
2.283653914928436279e-01,1.044711545109748840e-01
2.277644276618957520e-01,1.055120155215263367e-01
2.271634638309478760e-01,1.065528839826583862e-01
2.265625000000000000e-01,1.075937524437904358e-01
2.259615361690521240e-01,1.086346134543418884e-01
2.253605723381042480e-01,1.096754819154739380e-01
2.247596085071563721e-01,1.107163429260253906e-01
2.241586595773696899e-01,1.117572113871574402e-01
2.235576957464218140e-01,1.127980798482894897e-01
2.229567319154739380e-01,1.138389408588409424e-01
2.223557680845260620e-01,1.148798093199729919e-01
2.217548042535781860e-01,1.159206703305244446e-01
2.211538404226303101e-01,1.169615387916564941e-01
2.205528914928436279e-01,1.180024072527885437e-01
2.199519276618957520e-01,1.190432682633399963e-01
2.193509638309478760e-01,1.200841367244720459e-01
2.187500000000000000e-01,1.211249977350234985e-01
2.181490361690521240e-01,1.221658661961555481e-01
2.175480723381042480e-01,1.232067272067070007e-01
2.169471085071563721e-01,1.242475956678390503e-01
2.163461595773696899e-01,1.252884566783905029e-01
2.157451957464218140e-01,1.263293325901031494e-01
2.151442319154739380e-01,1.273701936006546021e-01
2.145432680845260620e-01,1.284110546112060547e-01
2.139423042535781860e-01,1.294519305229187012e-01
2.133413404226303101e-01,1.304927915334701538e-01
2.127403914928436279e-01,1.315336525440216064e-01
2.121394276618957520e-01,1.325745135545730591e-01
2.115384638309478760e-01,1.336153894662857056e-01
2.109375000000000000e-01,1.346562504768371582e-01
2.103365361690521240e-01,1.356971114873886108e-01
2.097355723381042480e-01,1.367379873991012573e-01
2.091346085071563721e-01,1.377788484096527100e-01
2.085336595773696899e-01,1.388197094202041626e-01
2.079326957464218140e-01,1.398605704307556152e-01
2.073317319154739380e-01,1.409014463424682617e-01
2.067307680845260620e-01,1.419423073530197144e-01
2.061298042535781860e-01,1.429831683635711670e-01
2.055288404226303101e-01,1.440240442752838135e-01
2.049278914928436279e-01,1.450649052858352661e-01
2.043269276618957520e-01,1.461057662963867188e-01
2.037259638309478760e-01,1.471466273069381714e-01
2.031250000000000000e-01,1.481875032186508179e-01
2.025240361690521240e-01,1.492283642292022705e-01
2.019230723381042480e-01,1.502692252397537231e-01
2.013221085071563721e-01,1.513101011514663696e-01
2.007211595773696899e-01,1.523509621620178223e-01
2.001201957464218140e-01,1.533918231725692749e-01
1.995192319154739380e-01,1.544326990842819214e-01
1.989182680845260620e-01,1.554735600948333740e-01
1.983173042535781860e-01,1.565144211053848267e-01
1.977163404226303101e-01,1.575552821159362793e-01
1.971153914928436279e-01,1.585961580276489258e-01
1.965144276618957520e-01,1.596370190382003784e-01
1.959134638309478760e-01,1.606778800487518311e-01
1.953125000000000000e-01,1.617187559604644775e-01
1.947115361690521240e-01,1.627596169710159302e-01
1.941105723381042480e-01,1.638004779815673828e-01
1.935096085071563721e-01,1.648413389921188354e-01
1.929086595773696899e-01,1.658822149038314819e-01
1.923076957464218140e-01,1.669230759143829346e-01
1.917067319154739380e-01,1.679639369249343872e-01
1.911057680845260620e-01,1.690048128366470337e-01
1.905048042535781860e-01,1.700456738471984863e-01
1.899038404226303101e-01,1.710865348577499390e-01
1.893028914928436279e-01,1.721274107694625854e-01
1.887019276618957520e-01,1.731682717800140381e-01
1.881009638309478760e-01,1.742091327905654907e-01
1.875000000000000000e-01,1.752499938011169434e-01
1.868990361690521240e-01,1.762908697128295898e-01
1.862980723381042480e-01,1.773317307233810425e-01
1.856971085071563721e-01,1.783725917339324951e-01
1.850961595773696899e-01,1.794134676456451416e-01
1.844951957464218140e-01,1.804543286561965942e-01
1.838942319154739380e-01,1.814951896667480469e-01
1.832932680845260620e-01,1.825360506772994995e-01
1.826923042535781860e-01,1.835769265890121460e-01
1.820913404226303101e-01,1.846177875995635986e-01
1.814903914928436279e-01,1.856586486101150513e-01
1.808894276618957520e-01,1.866995245218276978e-01
1.802884638309478760e-01,1.877403855323791504e-01
1.796875000000000000e-01,1.887812465429306030e-01
1.790865361690521240e-01,1.898221224546432495e-01
1.784855723381042480e-01,1.908629834651947021e-01
1.778846085071563721e-01,1.919038444757461548e-01
1.772836595773696899e-01,1.929447054862976074e-01
1.766826957464218140e-01,1.939855813980102539e-01
1.760817319154739380e-01,1.950264424085617065e-01
1.754807680845260620e-01,1.960673034191131592e-01
1.748798042535781860e-01,1.971081793308258057e-01
1.742788404226303101e-01,1.981490403413772583e-01
1.736778914928436279e-01,1.991899013519287109e-01
1.730769276618957520e-01,2.002307623624801636e-01
1.724759638309478760e-01,2.012716382741928101e-01
1.718750000000000000e-01,2.023124992847442627e-01
1.712740361690521240e-01,2.033533602952957153e-01
1.706730723381042480e-01,2.043942362070083618e-01
1.700721085071563721e-01,2.054350972175598145e-01
1.694711595773696899e-01,2.064759582281112671e-01
1.688701957464218140e-01,2.075168341398239136e-01
1.682692319154739380e-01,2.085576951503753662e-01
1.676682680845260620e-01,2.095985561609268188e-01
1.670673042535781860e-01,2.106394171714782715e-01
1.664663404226303101e-01,2.116802930831909180e-01
1.658653914928436279e-01,2.127211540937423706e-01
1.652644276618957520e-01,2.137620151042938232e-01
1.646634638309478760e-01,2.148028910160064697e-01
1.640625000000000000e-01,2.158437520265579224e-01
1.634615361690521240e-01,2.168846130371093750e-01
1.628605723381042480e-01,2.179254740476608276e-01
1.622596085071563721e-01,2.189663499593734741e-01
1.616586595773696899e-01,2.200072109699249268e-01
1.610576957464218140e-01,2.210480719804763794e-01
1.604567319154739380e-01,2.220889478921890259e-01
1.598557680845260620e-01,2.231298089027404785e-01
1.592548042535781860e-01,2.241706699132919312e-01
1.586538404226303101e-01,2.252115458250045776e-01
1.580528914928436279e-01,2.262524068355560303e-01
1.574519276618957520e-01,2.272932678461074829e-01
1.568509638309478760e-01,2.283341288566589355e-01
1.562500000000000000e-01,2.293750047683715820e-01
1.556490361690521240e-01,2.304158657789230347e-01
1.550480723381042480e-01,2.314567267894744873e-01
1.544471085071563721e-01,2.324976027011871338e-01
1.538461595773696899e-01,2.335384637117385864e-01
1.532451957464218140e-01,2.345793247222900391e-01
1.526442319154739380e-01,2.356201857328414917e-01
1.520432680845260620e-01,2.366610616445541382e-01
1.514423042535781860e-01,2.377019226551055908e-01
1.508413404226303101e-01,2.387427836656570435e-01
1.502403914928436279e-01,2.397836595773696899e-01
1.496394276618957520e-01,2.408245205879211426e-01
1.490384638309478760e-01,2.418653815984725952e-01
1.484375000000000000e-01,2.429062426090240479e-01
1.478365361690521240e-01,2.439471185207366943e-01
1.472355723381042480e-01,2.449879795312881470e-01
1.466346085071563721e-01,2.460288405418395996e-01
1.460336595773696899e-01,2.470697164535522461e-01
1.454326957464218140e-01,2.481105774641036987e-01
1.448317319154739380e-01,2.491514384746551514e-01
1.442307680845260620e-01,2.501923143863677979e-01
1.436298042535781860e-01,2.512331604957580566e-01
1.430288404226303101e-01,2.522740364074707031e-01
1.424278914928436279e-01,2.533149123191833496e-01
1.418269276618957520e-01,2.543557584285736084e-01
1.412259638309478760e-01,2.553966343402862549e-01
1.406250000000000000e-01,2.564375102519989014e-01
1.400240361690521240e-01,2.574783563613891602e-01
1.394230723381042480e-01,2.585192322731018066e-01
1.388221085071563721e-01,2.595601081848144531e-01
1.382211595773696899e-01,2.606009542942047119e-01
1.376201957464218140e-01,2.616418302059173584e-01
1.370192319154739380e-01,2.626827061176300049e-01
1.364182680845260620e-01,2.637235522270202637e-01
1.358173042535781860e-01,2.647644281387329102e-01
1.352163404226303101e-01,2.658052742481231689e-01
1.346153914928436279e-01,2.668461501598358154e-01
1.340144276618957520e-01,2.678870260715484619e-01
1.334134638309478760e-01,2.689278721809387207e-01
1.328125000000000000e-01,2.699687480926513672e-01
1.322115361690521240e-01,2.710096240043640137e-01
1.316105723381042480e-01,2.720504701137542725e-01
1.310096085071563721e-01,2.730913460254669189e-01
1.304086595773696899e-01,2.741322219371795654e-01
1.298076957464218140e-01,2.751730680465698242e-01
1.292067319154739380e-01,2.762139439582824707e-01
1.286057680845260620e-01,2.772548198699951172e-01
1.280048042535781860e-01,2.782956659793853760e-01
1.274038404226303101e-01,2.793365418910980225e-01
1.268028914928436279e-01,2.803774178028106689e-01
1.262019276618957520e-01,2.814182639122009277e-01
1.256009638309478760e-01,2.824591398239135742e-01
1.250000000000000000e-01,2.834999859333038330e-01
1.243990361690521240e-01,2.845408618450164795e-01
1.237980797886848450e-01,2.855817377567291260e-01
1.231971159577369690e-01,2.866225838661193848e-01
1.225961521267890930e-01,2.876634597778320312e-01
1.219951957464218140e-01,2.887043356895446777e-01
1.213942319154739380e-01,2.897451817989349365e-01
1.207932680845260620e-01,2.907860577106475830e-01
1.201923042535781860e-01,2.918269336223602295e-01
1.195913478732109070e-01,2.928677797317504883e-01
1.189903840422630310e-01,2.939086556434631348e-01
1.183894202113151550e-01,2.949495315551757812e-01
1.177884638309478760e-01,2.959903776645660400e-01
1.171875000000000000e-01,2.970312535762786865e-01
1.165865361690521240e-01,2.980721294879913330e-01
1.159855797886848450e-01,2.991129755973815918e-01
1.153846159577369690e-01,3.001538515090942383e-01
1.147836521267890930e-01,3.011946976184844971e-01
1.141826957464218140e-01,3.022355735301971436e-01
1.135817319154739380e-01,3.032764494419097900e-01
1.129807680845260620e-01,3.043172955513000488e-01
1.123798042535781860e-01,3.053581714630126953e-01
1.117788478732109070e-01,3.063990473747253418e-01
1.111778840422630310e-01,3.074398934841156006e-01
1.105769202113151550e-01,3.084807693958282471e-01
1.099759638309478760e-01,3.095216453075408936e-01
1.093750000000000000e-01,3.105624914169311523e-01
1.087740361690521240e-01,3.116033673286437988e-01
1.081730797886848450e-01,3.126442432403564453e-01
1.075721159577369690e-01,3.136850893497467041e-01
1.069711521267890930e-01,3.147259652614593506e-01
1.063701957464218140e-01,3.157668411731719971e-01
1.057692319154739380e-01,3.168076872825622559e-01
1.051682680845260620e-01,3.178485631942749023e-01
1.045673042535781860e-01,3.188894093036651611e-01
1.039663478732109070e-01,3.199302852153778076e-01
1.033653840422630310e-01,3.209711611270904541e-01
1.027644202113151550e-01,3.220120072364807129e-01
1.021634638309478760e-01,3.230528831481933594e-01
1.015625000000000000e-01,3.240937590599060059e-01
1.009615361690521240e-01,3.251346051692962646e-01
1.003605797886848450e-01,3.261754810810089111e-01
9.975961595773696899e-02,3.272163569927215576e-01
9.915865212678909302e-02,3.282572031021118164e-01
9.855769574642181396e-02,3.292980790138244629e-01
9.795673191547393799e-02,3.303389549255371094e-01
9.735576808452606201e-02,3.313798010349273682e-01
9.675480425357818604e-02,3.324206769466400146e-01
9.615384787321090698e-02,3.334615528583526611e-01
9.555288404226303101e-02,3.345023989677429199e-01
9.495192021131515503e-02,3.355432748794555664e-01
9.435096383094787598e-02,3.365841209888458252e-01
9.375000000000000000e-02,3.376249969005584717e-01
9.314903616905212402e-02,3.386658728122711182e-01
9.254807978868484497e-02,3.397067189216613770e-01
9.194711595773696899e-02,3.407475948333740234e-01
9.134615212678909302e-02,3.417884707450866699e-01
9.074519574642181396e-02,3.428293168544769287e-01
9.014423191547393799e-02,3.438701927661895752e-01
8.954326808452606201e-02,3.449110686779022217e-01
8.894230425357818604e-02,3.459519147872924805e-01
8.834134787321090698e-02,3.469927906990051270e-01
8.774038404226303101e-02,3.480336666107177734e-01
8.713942021131515503e-02,3.490745127201080322e-01
8.653846383094787598e-02,3.501153886318206787e-01
8.593750000000000000e-02,3.511562645435333252e-01
8.533653616905212402e-02,3.521971106529235840e-01
8.473557978868484497e-02,3.532379865646362305e-01
8.413461595773696899e-02,3.542788326740264893e-01
8.353365212678909302e-02,3.553197085857391357e-01
8.293269574642181396e-02,3.563605844974517822e-01
8.233173191547393799e-02,3.574014306068420410e-01
8.173076808452606201e-02,3.584423065185546875e-01
8.112980425357818604e-02,3.594831824302673340e-01
8.052884787321090698e-02,3.605240285396575928e-01
7.992788404226303101e-02,3.615649044513702393e-01
7.932692021131515503e-02,3.626057803630828857e-01
7.872596383094787598e-02,3.636466264724731445e-01
7.812500000000000000e-02,3.646875023841857910e-01
7.752403616905212402e-02,3.657283782958984375e-01
7.692307978868484497e-02,3.667692244052886963e-01
7.632211595773696899e-02,3.678101003170013428e-01
7.572115212678909302e-02,3.688509762287139893e-01
7.512019574642181396e-02,3.698918223381042480e-01
7.451923191547393799e-02,3.709326982498168945e-01
7.391826808452606201e-02,3.719735443592071533e-01
7.331730425357818604e-02,3.730144202709197998e-01
7.271634787321090698e-02,3.740552961826324463e-01
7.211538404226303101e-02,3.750961422920227051e-01
7.151442021131515503e-02,3.761370182037353516e-01
7.091346383094787598e-02,3.771778941154479980e-01
7.031250000000000000e-02,3.782187402248382568e-01
6.971153616905212402e-02,3.792596161365509033e-01
6.911057978868484497e-02,3.803004920482635498e-01
6.850961595773696899e-02,3.813413381576538086e-01
6.790865212678909302e-02,3.823822140693664551e-01
6.730769574642181396e-02,3.834230899810791016e-01
6.670673191547393799e-02,3.844639360904693604e-01
6.610576808452606201e-02,3.855048120021820068e-01
6.550480425357818604e-02,3.865456879138946533e-01
6.490384787321090698e-02,3.875865340232849121e-01
6.430288404226303101e-02,3.886274099349975586e-01
6.370192021131515503e-02,3.896682560443878174e-01
6.310096383094787598e-02,3.907091319561004639e-01
6.250000000000000000e-02,3.917500078678131104e-01
6.189903989434242249e-02,3.927908539772033691e-01
6.129807606339454651e-02,3.938317298889160156e-01
6.069711595773696899e-02,3.948726058006286621e-01
6.009615212678909302e-02,3.959134519100189209e-01
5.949519202113151550e-02,3.969543278217315674e-01
5.889423191547393799e-02,3.979952037334442139e-01
5.829326808452606201e-02,3.990360498428344727e-01
5.769230797886848450e-02,4.000769257545471191e-01
5.709134787321090698e-02,4.011178016662597656e-01
5.649038404226303101e-02,4.021586477756500244e-01
5.588942393660545349e-02,4.031995236873626709e-01
5.528846010565757751e-02,4.042403697967529297e-01
5.468750000000000000e-02,4.052812457084655762e-01
5.408653989434242249e-02,4.063221216201782227e-01
5.348557606339454651e-02,4.073629677295684814e-01
5.288461595773696899e-02,4.084038436412811279e-01
5.228365212678909302e-02,4.094447195529937744e-01
5.168269202113151550e-02,4.104855656623840332e-01
5.108173191547393799e-02,4.115264415740966797e-01
5.048076808452606201e-02,4.125673174858093262e-01
4.987980797886848450e-02,4.136081635951995850e-01
4.927884787321090698e-02,4.146490395069122314e-01
4.867788404226303101e-02,4.156899154186248779e-01
4.807692393660545349e-02,4.167307615280151367e-01
4.747596010565757751e-02,4.177716374397277832e-01
4.687500000000000000e-02,4.188125133514404297e-01
4.627403989434242249e-02,4.198533594608306885e-01
4.567307606339454651e-02,4.208942353725433350e-01
4.507211595773696899e-02,4.219350814819335938e-01
4.447115212678909302e-02,4.229759573936462402e-01
4.387019202113151550e-02,4.240168333053588867e-01
4.326923191547393799e-02,4.250576794147491455e-01
4.266826808452606201e-02,4.260985553264617920e-01
4.206730797886848450e-02,4.271394312381744385e-01
4.146634787321090698e-02,4.281802773475646973e-01
4.086538404226303101e-02,4.292211532592773438e-01
4.026442393660545349e-02,4.302620291709899902e-01
3.966346010565757751e-02,4.313028752803802490e-01
3.906250000000000000e-02,4.323437511920928955e-01
3.846153989434242249e-02,4.333846271038055420e-01
3.786057606339454651e-02,4.344254732131958008e-01
3.725961595773696899e-02,4.354663491249084473e-01
3.665865212678909302e-02,4.365072250366210938e-01
3.605769202113151550e-02,4.375480711460113525e-01
3.545673191547393799e-02,4.385889470577239990e-01
3.485576808452606201e-02,4.396297931671142578e-01
3.425480797886848450e-02,4.406706690788269043e-01
3.365384787321090698e-02,4.417115449905395508e-01
3.305288404226303101e-02,4.427523910999298096e-01
3.245192393660545349e-02,4.437932670116424561e-01
3.185096010565757751e-02,4.448341429233551025e-01
3.125000000000000000e-02,4.458749890327453613e-01
3.064903803169727325e-02,4.469158649444580078e-01
3.004807606339454651e-02,4.479567408561706543e-01
2.944711595773696899e-02,4.489975869655609131e-01
2.884615398943424225e-02,4.500384628772735596e-01
2.824519202113151550e-02,4.510793387889862061e-01
2.764423005282878876e-02,4.521201848983764648e-01
2.704326994717121124e-02,4.531610608100891113e-01
2.644230797886848450e-02,4.542019367218017578e-01
2.584134601056575775e-02,4.552427828311920166e-01
2.524038404226303101e-02,4.562836587429046631e-01
2.463942393660545349e-02,4.573245048522949219e-01
2.403846196830272675e-02,4.583653807640075684e-01
2.343750000000000000e-02,4.594062566757202148e-01
2.283653803169727325e-02,4.604471027851104736e-01
2.223557606339454651e-02,4.614879786968231201e-01
2.163461595773696899e-02,4.625288546085357666e-01
2.103365398943424225e-02,4.635697007179260254e-01
2.043269202113151550e-02,4.646105766296386719e-01
1.983173005282878876e-02,4.656514525413513184e-01
1.923076994717121124e-02,4.666922986507415771e-01
1.862980797886848450e-02,4.677331745624542236e-01
1.802884601056575775e-02,4.687740504741668701e-01
1.742788404226303101e-02,4.698148965835571289e-01
1.682692393660545349e-02,4.708557724952697754e-01
1.622596196830272675e-02,4.718966484069824219e-01
1.562500000000000000e-02,4.729374945163726807e-01
1.502403803169727325e-02,4.739783704280853271e-01
1.442307699471712112e-02,4.750192165374755859e-01
1.382211502641439438e-02,4.760600924491882324e-01
1.322115398943424225e-02,4.771009683609008789e-01
1.262019202113151550e-02,4.781418144702911377e-01
1.201923098415136337e-02,4.791826903820037842e-01
1.141826901584863663e-02,4.802235662937164307e-01
1.081730797886848450e-02,4.812644124031066895e-01
1.021634601056575775e-02,4.823052883148193359e-01
9.615384973585605621e-03,4.833461642265319824e-01
9.014423005282878876e-03,4.843870103359222412e-01
8.413461968302726746e-03,4.854278862476348877e-01
7.812500000000000000e-03,4.864687621593475342e-01
7.211538497358560562e-03,4.875096082687377930e-01
6.610576994717121124e-03,4.885504841804504395e-01
6.009615492075681686e-03,4.895913600921630859e-01
5.408653989434242249e-03,4.906322062015533447e-01
4.807692486792802811e-03,4.916730821132659912e-01
4.206730984151363373e-03,4.927139282226562500e-01
3.605769248679280281e-03,4.937548041343688965e-01
3.004807746037840843e-03,4.947956800460815430e-01
2.403846243396401405e-03,4.958365261554718018e-01
1.802884624339640141e-03,4.968774020671844482e-01
1.201923121698200703e-03,4.979182779788970947e-01
6.009615608491003513e-04,4.989591240882873535e-01
5.995203973725438118e-04,5.010383725166320801e-01
1.199040794745087624e-03,5.020767450332641602e-01
1.798561192117631435e-03,5.031151175498962402e-01
2.398081589490175247e-03,5.041534900665283203e-01
2.997601870447397232e-03,5.051918625831604004e-01
3.597122384235262871e-03,5.062302350997924805e-01
4.196642898023128510e-03,5.072686076164245605e-01
4.796163178980350494e-03,5.083069801330566406e-01
5.395683459937572479e-03,5.093453526496887207e-01
5.995203740894794464e-03,5.103836655616760254e-01
6.594724021852016449e-03,5.114220380783081055e-01
7.194244768470525742e-03,5.124604105949401855e-01
7.793765049427747726e-03,5.134987831115722656e-01
8.393285796046257019e-03,5.145371556282043457e-01
8.992806077003479004e-03,5.155755281448364258e-01
9.592326357960700989e-03,5.166139006614685059e-01
1.019184663891792297e-02,5.176522731781005859e-01
1.079136691987514496e-02,5.186906456947326660e-01
1.139088720083236694e-02,5.197290182113647461e-01
1.199040748178958893e-02,5.207673907279968262e-01
1.258992776274681091e-02,5.218057632446289062e-01
1.318944804370403290e-02,5.228441357612609863e-01
1.378896925598382950e-02,5.238825082778930664e-01
1.438848953694105148e-02,5.249208807945251465e-01
1.498800981789827347e-02,5.259592533111572266e-01
1.558753009885549545e-02,5.269976258277893066e-01
1.618704944849014282e-02,5.280359983444213867e-01
1.678657159209251404e-02,5.290743112564086914e-01
1.738609187304973602e-02,5.301126837730407715e-01
1.798561215400695801e-02,5.311510562896728516e-01
1.858513243496417999e-02,5.321894288063049316e-01
1.918465271592140198e-02,5.332278013229370117e-01
1.978417299687862396e-02,5.342661738395690918e-01
2.038369327783584595e-02,5.353045463562011719e-01
2.098321355879306793e-02,5.363429188728332520e-01
2.158273383975028992e-02,5.373812913894653320e-01
2.218225412070751190e-02,5.384196639060974121e-01
2.278177440166473389e-02,5.394580364227294922e-01
2.338129468262195587e-02,5.404964089393615723e-01
2.398081496357917786e-02,5.415347814559936523e-01
2.458033524453639984e-02,5.425731539726257324e-01
2.517985552549362183e-02,5.436115264892578125e-01
2.577937580645084381e-02,5.446498990058898926e-01
2.637889608740806580e-02,5.456882715225219727e-01
2.697841636836528778e-02,5.467266440391540527e-01
2.757793851196765900e-02,5.477650165557861328e-01
2.817745879292488098e-02,5.488033294677734375e-01
2.877697907388210297e-02,5.498417019844055176e-01
2.937649935483932495e-02,5.508800745010375977e-01
2.997601963579654694e-02,5.519184470176696777e-01
3.057553991675376892e-02,5.529568195343017578e-01
3.117506019771099091e-02,5.539951920509338379e-01
3.177458047866821289e-02,5.550335645675659180e-01
3.237409889698028564e-02,5.560719370841979980e-01
3.297362104058265686e-02,5.571103096008300781e-01
3.357314318418502808e-02,5.581486821174621582e-01
3.417266160249710083e-02,5.591870546340942383e-01
3.477218374609947205e-02,5.602254271507263184e-01
3.537170216441154480e-02,5.612637996673583984e-01
3.597122430801391602e-02,5.623021721839904785e-01
3.657074272632598877e-02,5.633405447006225586e-01
3.717026486992835999e-02,5.643789172172546387e-01
3.776978328824043274e-02,5.654172897338867188e-01
3.836930543184280396e-02,5.664556622505187988e-01
3.896882385015487671e-02,5.674939751625061035e-01
3.956834599375724792e-02,5.685323476791381836e-01
4.016786441206932068e-02,5.695707201957702637e-01
4.076738655567169189e-02,5.706090927124023438e-01
4.136690497398376465e-02,5.716474652290344238e-01
4.196642711758613586e-02,5.726858377456665039e-01
4.256594553589820862e-02,5.737242102622985840e-01
4.316546767950057983e-02,5.747625827789306641e-01
4.376498982310295105e-02,5.758009552955627441e-01
4.436450824141502380e-02,5.768393278121948242e-01
4.496403038501739502e-02,5.778777003288269043e-01
4.556354880332946777e-02,5.789160728454589844e-01
4.616307094693183899e-02,5.799544453620910645e-01
4.676258936524391174e-02,5.809928178787231445e-01
4.736211150884628296e-02,5.820311903953552246e-01
4.796162992715835571e-02,5.830695629119873047e-01
4.856115207076072693e-02,5.841079354286193848e-01
4.916067048907279968e-02,5.851463079452514648e-01
4.976019263267517090e-02,5.861846804618835449e-01
5.035971105098724365e-02,5.872229933738708496e-01
5.095923319458961487e-02,5.882613658905029297e-01
5.155875161290168762e-02,5.892997384071350098e-01
5.215827375650405884e-02,5.903381109237670898e-01
5.275779217481613159e-02,5.913764834403991699e-01
5.335731431841850281e-02,5.924148559570312500e-01
5.395683273673057556e-02,5.934532284736633301e-01
5.455635488033294678e-02,5.944916009902954102e-01
5.515587702393531799e-02,5.955299735069274902e-01
5.575539544224739075e-02,5.965683460235595703e-01
5.635491758584976196e-02,5.976067185401916504e-01
5.695443600416183472e-02,5.986450910568237305e-01
5.755395814776420593e-02,5.996834635734558105e-01
5.815347656607627869e-02,6.007218360900878906e-01
5.875299870967864990e-02,6.017602086067199707e-01
5.935251712799072266e-02,6.027985811233520508e-01
5.995203927159309387e-02,6.038369536399841309e-01
6.055155768990516663e-02,6.048753261566162109e-01
6.115107983350753784e-02,6.059136986732482910e-01
6.175059825181961060e-02,6.069520115852355957e-01
6.235012039542198181e-02,6.079903841018676758e-01
6.294964253902435303e-02,6.090287566184997559e-01
6.354916095733642578e-02,6.100671291351318359e-01
6.414867937564849854e-02,6.111055016517639160e-01
6.474819779396057129e-02,6.121438741683959961e-01
6.534772366285324097e-02,6.131822466850280762e-01
6.594724208116531372e-02,6.142206192016601562e-01
6.654676049947738647e-02,6.152589917182922363e-01
6.714628636837005615e-02,6.162973642349243164e-01
6.774580478668212891e-02,6.173357367515563965e-01
6.834532320499420166e-02,6.183741092681884766e-01
6.894484162330627441e-02,6.194124817848205566e-01
6.954436749219894409e-02,6.204508543014526367e-01
7.014388591051101685e-02,6.214892268180847168e-01
7.074340432882308960e-02,6.225275993347167969e-01
7.134292274713516235e-02,6.235659718513488770e-01
7.194244861602783203e-02,6.246043443679809570e-01
7.254196703433990479e-02,6.256426572799682617e-01
7.314148545265197754e-02,6.266810297966003418e-01
7.374100387096405029e-02,6.277194023132324219e-01
7.434052973985671997e-02,6.287577748298645020e-01
7.494004815816879272e-02,6.297961473464965820e-01
7.553956657648086548e-02,6.308345198631286621e-01
7.613909244537353516e-02,6.318728923797607422e-01
7.673861086368560791e-02,6.329112648963928223e-01
7.733812928199768066e-02,6.339496374130249023e-01
7.793764770030975342e-02,6.349880099296569824e-01
7.853717356920242310e-02,6.360263824462890625e-01
7.913669198751449585e-02,6.370647549629211426e-01
7.973621040582656860e-02,6.381031274795532227e-01
8.033572882413864136e-02,6.391414999961853027e-01
8.093525469303131104e-02,6.401798725128173828e-01
8.153477311134338379e-02,6.412182450294494629e-01
8.213429152965545654e-02,6.422566175460815430e-01
8.273380994796752930e-02,6.432949900627136230e-01
8.333333581686019897e-02,6.443333625793457031e-01
8.393285423517227173e-02,6.453716754913330078e-01
8.453237265348434448e-02,6.464100480079650879e-01
8.513189107179641724e-02,6.474484205245971680e-01
8.573141694068908691e-02,6.484867930412292480e-01
8.633093535900115967e-02,6.495251655578613281e-01
8.693045377731323242e-02,6.505635380744934082e-01
8.752997964620590210e-02,6.516019105911254883e-01
8.812949806451797485e-02,6.526402831077575684e-01
8.872901648283004761e-02,6.536786556243896484e-01
8.932853490114212036e-02,6.547170281410217285e-01
8.992806077003479004e-02,6.557554006576538086e-01
9.052757918834686279e-02,6.567937731742858887e-01
9.112709760665893555e-02,6.578321456909179688e-01
9.172661602497100830e-02,6.588705182075500488e-01
9.232614189386367798e-02,6.599088907241821289e-01
9.292566031217575073e-02,6.609472632408142090e-01
9.352517873048782349e-02,6.619856357574462891e-01
9.412469714879989624e-02,6.630240082740783691e-01
9.472422301769256592e-02,6.640623211860656738e-01
9.532374143600463867e-02,6.651006937026977539e-01
9.592325985431671143e-02,6.661390662193298340e-01
9.652277827262878418e-02,6.671774387359619141e-01
9.712230414152145386e-02,6.682158112525939941e-01
9.772182255983352661e-02,6.692541837692260742e-01
9.832134097814559937e-02,6.702925562858581543e-01
9.892086684703826904e-02,6.713309288024902344e-01
9.952038526535034180e-02,6.723693013191223145e-01
1.001199036836624146e-01,6.734076738357543945e-01
1.007194221019744873e-01,6.744460463523864746e-01
1.013189479708671570e-01,6.754844188690185547e-01
1.019184663891792297e-01,6.765227913856506348e-01
1.025179848074913025e-01,6.775611639022827148e-01
1.031175032258033752e-01,6.785995364189147949e-01
1.037170290946960449e-01,6.796379089355468750e-01
1.043165475130081177e-01,6.806762814521789551e-01
1.049160659313201904e-01,6.817146539688110352e-01
1.055155843496322632e-01,6.827530264854431152e-01
1.061151102185249329e-01,6.837913393974304199e-01
1.067146286368370056e-01,6.848297119140625000e-01
1.073141470551490784e-01,6.858680844306945801e-01
1.079136654734611511e-01,6.869064569473266602e-01
1.085131913423538208e-01,6.879448294639587402e-01
1.091127097606658936e-01,6.889832019805908203e-01
1.097122281789779663e-01,6.900215744972229004e-01
1.103117540478706360e-01,6.910599470138549805e-01
1.109112724661827087e-01,6.920983195304870605e-01
1.115107908844947815e-01,6.931366920471191406e-01
1.121103093028068542e-01,6.941750645637512207e-01
1.127098351716995239e-01,6.952134370803833008e-01
1.133093535900115967e-01,6.962518095970153809e-01
1.139088720083236694e-01,6.972901821136474609e-01
1.145083904266357422e-01,6.983285546302795410e-01
1.151079162955284119e-01,6.993669271469116211e-01
1.157074347138404846e-01,7.004052996635437012e-01
1.163069531321525574e-01,7.014436721801757812e-01
1.169064715504646301e-01,7.024819850921630859e-01
1.175059974193572998e-01,7.035203576087951660e-01
1.181055158376693726e-01,7.045587301254272461e-01
1.187050342559814453e-01,7.055971026420593262e-01
1.193045526742935181e-01,7.066354751586914062e-01
1.199040785431861877e-01,7.076738476753234863e-01
1.205035969614982605e-01,7.087122201919555664e-01
1.211031153798103333e-01,7.097505927085876465e-01
1.217026412487030029e-01,7.107889652252197266e-01
1.223021596670150757e-01,7.118273377418518066e-01
1.229016780853271484e-01,7.128657102584838867e-01
1.235011965036392212e-01,7.139040827751159668e-01
1.241007223725318909e-01,7.149424552917480469e-01
1.247002407908439636e-01,7.159808278083801270e-01
1.252997666597366333e-01,7.170192003250122070e-01
1.258992850780487061e-01,7.180575728416442871e-01
1.264988034963607788e-01,7.190959453582763672e-01
1.270983219146728516e-01,7.201343178749084473e-01
1.276978403329849243e-01,7.211726903915405273e-01
1.282973587512969971e-01,7.222110033035278320e-01
1.288968771696090698e-01,7.232493758201599121e-01
1.294963955879211426e-01,7.242877483367919922e-01
1.300959289073944092e-01,7.253261208534240723e-01
1.306954473257064819e-01,7.263644933700561523e-01
1.312949657440185547e-01,7.274028658866882324e-01
1.318944841623306274e-01,7.284412384033203125e-01
1.324940025806427002e-01,7.294796109199523926e-01
1.330935209989547729e-01,7.305179834365844727e-01
1.336930394172668457e-01,7.315563559532165527e-01
1.342925727367401123e-01,7.325947284698486328e-01
1.348920911550521851e-01,7.336331009864807129e-01
1.354916095733642578e-01,7.346714735031127930e-01
1.360911279916763306e-01,7.357098460197448730e-01
1.366906464099884033e-01,7.367482185363769531e-01
1.372901648283004761e-01,7.377865910530090332e-01
1.378896832466125488e-01,7.388249635696411133e-01
1.384892016649246216e-01,7.398633360862731934e-01
1.390887349843978882e-01,7.409016489982604980e-01
1.396882534027099609e-01,7.419400215148925781e-01
1.402877718210220337e-01,7.429783940315246582e-01
1.408872902393341064e-01,7.440167665481567383e-01
1.414868086576461792e-01,7.450551390647888184e-01
1.420863270759582520e-01,7.460935115814208984e-01
1.426858454942703247e-01,7.471318840980529785e-01
1.432853788137435913e-01,7.481702566146850586e-01
1.438848972320556641e-01,7.492086291313171387e-01
1.444844156503677368e-01,7.502470016479492188e-01
1.450839340686798096e-01,7.512853741645812988e-01
1.456834524869918823e-01,7.523237466812133789e-01
1.462829709053039551e-01,7.533621191978454590e-01
1.468824893236160278e-01,7.544004917144775391e-01
1.474820077419281006e-01,7.554388642311096191e-01
1.480815410614013672e-01,7.564772367477416992e-01
1.486810594797134399e-01,7.575156092643737793e-01
1.492805778980255127e-01,7.585539817810058594e-01
1.498800963163375854e-01,7.595923542976379395e-01
1.504796147346496582e-01,7.606306672096252441e-01
1.510791331529617310e-01,7.616690397262573242e-01
1.516786515712738037e-01,7.627074122428894043e-01
1.522781848907470703e-01,7.637457847595214844e-01
1.528777033090591431e-01,7.647841572761535645e-01
1.534772217273712158e-01,7.658225297927856445e-01
1.540767401456832886e-01,7.668609023094177246e-01
1.546762585639953613e-01,7.678992748260498047e-01
1.552757769823074341e-01,7.689376473426818848e-01
1.558752954006195068e-01,7.699760198593139648e-01
1.564748138189315796e-01,7.710143923759460449e-01
1.570743471384048462e-01,7.720527648925781250e-01
1.576738655567169189e-01,7.730911374092102051e-01
1.582733839750289917e-01,7.741295099258422852e-01
1.588729023933410645e-01,7.751678824424743652e-01
1.594724208116531372e-01,7.762062549591064453e-01
1.600719392299652100e-01,7.772446274757385254e-01
1.606714576482772827e-01,7.782829999923706055e-01
1.612709760665893555e-01,7.793213725090026855e-01
1.618705093860626221e-01,7.803596854209899902e-01
1.624700278043746948e-01,7.813980579376220703e-01
1.630695462226867676e-01,7.824364304542541504e-01
1.636690646409988403e-01,7.834748029708862305e-01
1.642685830593109131e-01,7.845131754875183105e-01
1.648681014776229858e-01,7.855515480041503906e-01
1.654676198959350586e-01,7.865899205207824707e-01
1.660671532154083252e-01,7.876282930374145508e-01
1.666666716337203979e-01,7.886666655540466309e-01
1.672661900520324707e-01,7.897050380706787109e-01
1.678657084703445435e-01,7.907434105873107910e-01
1.684652268886566162e-01,7.917817831039428711e-01
1.690647453069686890e-01,7.928201556205749512e-01
1.696642637252807617e-01,7.938585281372070312e-01
1.702637821435928345e-01,7.948969006538391113e-01
1.708633154630661011e-01,7.959352731704711914e-01
1.714628338813781738e-01,7.969736456871032715e-01
1.720623522996902466e-01,7.980120182037353516e-01
1.726618707180023193e-01,7.990503311157226562e-01
1.732613891363143921e-01,8.000887036323547363e-01
1.738609075546264648e-01,8.011270761489868164e-01
1.744604259729385376e-01,8.021654486656188965e-01
1.750599592924118042e-01,8.032038211822509766e-01
1.756594777107238770e-01,8.042421936988830566e-01
1.762589961290359497e-01,8.052805662155151367e-01
1.768585145473480225e-01,8.063189387321472168e-01
1.774580329656600952e-01,8.073573112487792969e-01
1.780575513839721680e-01,8.083956837654113770e-01
1.786570698022842407e-01,8.094340562820434570e-01
1.792565882205963135e-01,8.104724287986755371e-01
1.798561215400695801e-01,8.115108013153076172e-01
1.804556399583816528e-01,8.125491738319396973e-01
1.810551583766937256e-01,8.135875463485717773e-01
1.816546767950057983e-01,8.146259188652038574e-01
1.822541952133178711e-01,8.156642913818359375e-01
1.828537136316299438e-01,8.167026638984680176e-01
1.834532320499420166e-01,8.177410364151000977e-01
1.840527504682540894e-01,8.187793493270874023e-01
1.846522837877273560e-01,8.198177218437194824e-01
1.852518022060394287e-01,8.208560943603515625e-01
1.858513206243515015e-01,8.218944668769836426e-01
1.864508390426635742e-01,8.229328393936157227e-01
1.870503574609756470e-01,8.239712119102478027e-01
1.876498758792877197e-01,8.250095844268798828e-01
1.882493942975997925e-01,8.260479569435119629e-01
1.888489276170730591e-01,8.270863294601440430e-01
1.894484460353851318e-01,8.281247019767761230e-01
1.900479644536972046e-01,8.291630744934082031e-01
1.906474828720092773e-01,8.302014470100402832e-01
1.912470012903213501e-01,8.312398195266723633e-01
1.918465197086334229e-01,8.322781920433044434e-01
1.924460381269454956e-01,8.333165645599365234e-01
1.930455565452575684e-01,8.343549370765686035e-01
1.936450898647308350e-01,8.353933095932006836e-01
1.942446082830429077e-01,8.364316821098327637e-01
1.948441267013549805e-01,8.374699950218200684e-01
1.954436451196670532e-01,8.385083675384521484e-01
1.960431635379791260e-01,8.395467400550842285e-01
1.966426819562911987e-01,8.405851125717163086e-01
1.972422003746032715e-01,8.416234850883483887e-01
1.978417336940765381e-01,8.426618576049804688e-01
1.984412521123886108e-01,8.437002301216125488e-01
1.990407705307006836e-01,8.447386026382446289e-01
1.996402889490127563e-01,8.457769751548767090e-01
2.002398073673248291e-01,8.468153476715087891e-01
2.008393257856369019e-01,8.478537201881408691e-01
2.014388442039489746e-01,8.488920927047729492e-01
2.020383626222610474e-01,8.499304652214050293e-01
2.026378959417343140e-01,8.509688377380371094e-01
2.032374143600463867e-01,8.520072102546691895e-01
2.038369327783584595e-01,8.530455827713012695e-01
2.044364511966705322e-01,8.540839552879333496e-01
2.050359696149826050e-01,8.551223278045654297e-01
2.056354880332946777e-01,8.561607003211975098e-01
2.062350064516067505e-01,8.571990132331848145e-01
2.068345397710800171e-01,8.582373857498168945e-01
2.074340581893920898e-01,8.592757582664489746e-01
2.080335766077041626e-01,8.603141307830810547e-01
2.086330950260162354e-01,8.613525032997131348e-01
2.092326134443283081e-01,8.623908758163452148e-01
2.098321318626403809e-01,8.634292483329772949e-01
2.104316502809524536e-01,8.644676208496093750e-01
2.110311686992645264e-01,8.655059933662414551e-01
2.116307020187377930e-01,8.665443658828735352e-01
2.122302204370498657e-01,8.675827383995056152e-01
2.128297388553619385e-01,8.686211109161376953e-01
2.134292572736740112e-01,8.696594834327697754e-01
2.140287756919860840e-01,8.706978559494018555e-01
2.146282941102981567e-01,8.717362284660339355e-01
2.152278125286102295e-01,8.727746009826660156e-01
2.158273309469223022e-01,8.738129734992980957e-01
2.164268642663955688e-01,8.748513460159301758e-01
2.170263826847076416e-01,8.758896589279174805e-01
2.176259011030197144e-01,8.769280314445495605e-01
2.182254195213317871e-01,8.779664039611816406e-01
2.188249379396438599e-01,8.790047764778137207e-01
2.194244563579559326e-01,8.800431489944458008e-01
2.200239747762680054e-01,8.810815215110778809e-01
2.206235080957412720e-01,8.821198940277099609e-01
2.212230265140533447e-01,8.831582665443420410e-01
2.218225449323654175e-01,8.841966390609741211e-01
2.224220633506774902e-01,8.852350115776062012e-01
2.230215817689895630e-01,8.862733840942382812e-01
2.236211001873016357e-01,8.873117566108703613e-01
2.242206186056137085e-01,8.883501291275024414e-01
2.248201370239257812e-01,8.893885016441345215e-01
2.254196703433990479e-01,8.904268741607666016e-01
2.260191887617111206e-01,8.914652466773986816e-01
2.266187071800231934e-01,8.925036191940307617e-01
2.272182255983352661e-01,8.935419917106628418e-01
2.278177440166473389e-01,8.945803642272949219e-01
2.284172624349594116e-01,8.956186771392822266e-01
2.290167808532714844e-01,8.966570496559143066e-01
2.296163141727447510e-01,8.976954221725463867e-01
2.302158325910568237e-01,8.987337946891784668e-01
2.308153510093688965e-01,8.997721672058105469e-01
2.314148694276809692e-01,9.008105397224426270e-01
2.320143878459930420e-01,9.018489122390747070e-01
2.326139062643051147e-01,9.028872847557067871e-01
2.332134246826171875e-01,9.039256572723388672e-01
2.338129431009292603e-01,9.049640297889709473e-01
2.344124764204025269e-01,9.060024023056030273e-01
2.350119948387145996e-01,9.070407748222351074e-01
2.356115132570266724e-01,9.080791473388671875e-01
2.362110316753387451e-01,9.091175198554992676e-01
2.368105500936508179e-01,9.101558923721313477e-01
2.374100685119628906e-01,9.111942648887634277e-01
2.380095869302749634e-01,9.122326374053955078e-01
2.386091053485870361e-01,9.132710099220275879e-01
2.392086386680603027e-01,9.143093228340148926e-01
2.398081570863723755e-01,9.153476953506469727e-01
2.404076755046844482e-01,9.163860678672790527e-01
2.410071939229965210e-01,9.174244403839111328e-01
2.416067123413085938e-01,9.184628129005432129e-01
2.422062307596206665e-01,9.195011854171752930e-01
2.428057491779327393e-01,9.205395579338073730e-01
2.434052824974060059e-01,9.215779304504394531e-01
2.440048009157180786e-01,9.226163029670715332e-01
2.446043193340301514e-01,9.236546754837036133e-01
2.452038377523422241e-01,9.246930480003356934e-01
2.458033561706542969e-01,9.257314205169677734e-01
2.464028745889663696e-01,9.267697930335998535e-01
2.470023930072784424e-01,9.278081655502319336e-01
2.476019114255905151e-01,9.288465380668640137e-01
2.482014447450637817e-01,9.298849105834960938e-01
2.488009631633758545e-01,9.309232831001281738e-01
2.494004815816879272e-01,9.319616556167602539e-01
2.511990368366241455e-01,9.330000281333923340e-01
2.523980736732482910e-01,9.330000281333923340e-01
2.535971105098724365e-01,9.330000281333923340e-01
2.547961771488189697e-01,9.330000281333923340e-01
2.559952139854431152e-01,9.330000281333923340e-01
2.571942508220672607e-01,9.330000281333923340e-01
2.583932876586914062e-01,9.330000281333923340e-01
2.595923244953155518e-01,9.330000281333923340e-01
2.607913613319396973e-01,9.330000281333923340e-01
2.619903981685638428e-01,9.330000281333923340e-01
2.631894350051879883e-01,9.330000281333923340e-01
2.643885016441345215e-01,9.330000281333923340e-01
2.655875384807586670e-01,9.330000281333923340e-01
2.667865753173828125e-01,9.330000281333923340e-01
2.679856121540069580e-01,9.330000281333923340e-01
2.691846489906311035e-01,9.330000281333923340e-01
2.703836858272552490e-01,9.330000281333923340e-01
2.715827226638793945e-01,9.330000281333923340e-01
2.727817893028259277e-01,9.330000281333923340e-01
2.739808261394500732e-01,9.330000281333923340e-01
2.751798629760742188e-01,9.330000281333923340e-01
2.763788998126983643e-01,9.330000281333923340e-01
2.775779366493225098e-01,9.330000281333923340e-01
2.787769734859466553e-01,9.330000281333923340e-01
2.799760103225708008e-01,9.330000281333923340e-01
2.811750471591949463e-01,9.330000281333923340e-01
2.823741137981414795e-01,9.330000281333923340e-01
2.835731506347656250e-01,9.330000281333923340e-01
2.847721874713897705e-01,9.330000281333923340e-01
2.859712243080139160e-01,9.330000281333923340e-01
2.871702611446380615e-01,9.330000281333923340e-01
2.883692979812622070e-01,9.330000281333923340e-01
2.895683348178863525e-01,9.330000281333923340e-01
2.907673716545104980e-01,9.330000281333923340e-01
2.919664382934570312e-01,9.330000281333923340e-01
2.931654751300811768e-01,9.330000281333923340e-01
2.943645119667053223e-01,9.330000281333923340e-01
2.955635488033294678e-01,9.330000281333923340e-01
2.967625856399536133e-01,9.330000281333923340e-01
2.979616224765777588e-01,9.330000281333923340e-01
2.991606593132019043e-01,9.330000281333923340e-01
3.003597259521484375e-01,9.330000281333923340e-01
3.015587627887725830e-01,9.330000281333923340e-01
3.027577996253967285e-01,9.330000281333923340e-01
3.039568364620208740e-01,9.330000281333923340e-01
3.051558732986450195e-01,9.330000281333923340e-01
3.063549101352691650e-01,9.330000281333923340e-01
3.075539469718933105e-01,9.330000281333923340e-01
3.087529838085174561e-01,9.330000281333923340e-01
3.099520504474639893e-01,9.330000281333923340e-01
3.111510872840881348e-01,9.330000281333923340e-01
3.123501241207122803e-01,9.330000281333923340e-01
3.135491609573364258e-01,9.330000281333923340e-01
3.147481977939605713e-01,9.330000281333923340e-01
3.159472346305847168e-01,9.330000281333923340e-01
3.171462714672088623e-01,9.330000281333923340e-01
3.183453381061553955e-01,9.330000281333923340e-01
3.195443749427795410e-01,9.330000281333923340e-01
3.207434117794036865e-01,9.330000281333923340e-01
3.219424486160278320e-01,9.330000281333923340e-01
3.231414854526519775e-01,9.330000281333923340e-01
3.243405222892761230e-01,9.330000281333923340e-01
3.255395591259002686e-01,9.330000281333923340e-01
3.267385959625244141e-01,9.330000281333923340e-01
3.279376626014709473e-01,9.330000281333923340e-01
3.291366994380950928e-01,9.330000281333923340e-01
3.303357362747192383e-01,9.330000281333923340e-01
3.315347731113433838e-01,9.330000281333923340e-01
3.327338099479675293e-01,9.330000281333923340e-01
3.339328467845916748e-01,9.330000281333923340e-01
3.351318836212158203e-01,9.330000281333923340e-01
3.363309204578399658e-01,9.330000281333923340e-01
3.375299870967864990e-01,9.330000281333923340e-01
3.387290239334106445e-01,9.330000281333923340e-01
3.399280607700347900e-01,9.330000281333923340e-01
3.411270976066589355e-01,9.330000281333923340e-01
3.423261344432830811e-01,9.330000281333923340e-01
3.435251712799072266e-01,9.330000281333923340e-01
3.447242081165313721e-01,9.330000281333923340e-01
3.459232747554779053e-01,9.330000281333923340e-01
3.471223115921020508e-01,9.330000281333923340e-01
3.483213484287261963e-01,9.330000281333923340e-01
3.495203852653503418e-01,9.330000281333923340e-01
3.507194221019744873e-01,9.330000281333923340e-01
3.519184589385986328e-01,9.330000281333923340e-01
3.531174957752227783e-01,9.330000281333923340e-01
3.543165326118469238e-01,9.330000281333923340e-01
3.555155992507934570e-01,9.330000281333923340e-01
3.567146360874176025e-01,9.330000281333923340e-01
3.579136729240417480e-01,9.330000281333923340e-01
3.591127097606658936e-01,9.330000281333923340e-01
3.603117465972900391e-01,9.330000281333923340e-01
3.615107834339141846e-01,9.330000281333923340e-01
3.627098202705383301e-01,9.330000281333923340e-01
3.639088869094848633e-01,9.330000281333923340e-01
3.651079237461090088e-01,9.330000281333923340e-01
3.663069605827331543e-01,9.330000281333923340e-01
3.675059974193572998e-01,9.330000281333923340e-01
3.687050342559814453e-01,9.330000281333923340e-01
3.699040710926055908e-01,9.330000281333923340e-01
3.711031079292297363e-01,9.330000281333923340e-01
3.723021447658538818e-01,9.330000281333923340e-01
3.735012114048004150e-01,9.330000281333923340e-01
3.747002482414245605e-01,9.330000281333923340e-01
3.758992850780487061e-01,9.330000281333923340e-01
3.770983219146728516e-01,9.330000281333923340e-01
3.782973587512969971e-01,9.330000281333923340e-01
3.794963955879211426e-01,9.330000281333923340e-01
3.806954324245452881e-01,9.330000281333923340e-01
3.818944990634918213e-01,9.330000281333923340e-01
3.830935359001159668e-01,9.330000281333923340e-01
3.842925727367401123e-01,9.330000281333923340e-01
3.854916095733642578e-01,9.330000281333923340e-01
3.866906464099884033e-01,9.330000281333923340e-01
3.878896832466125488e-01,9.330000281333923340e-01
3.890887200832366943e-01,9.330000281333923340e-01
3.902877569198608398e-01,9.330000281333923340e-01
3.914868235588073730e-01,9.330000281333923340e-01
3.926858603954315186e-01,9.330000281333923340e-01
3.938848972320556641e-01,9.330000281333923340e-01
3.950839340686798096e-01,9.330000281333923340e-01
3.962829709053039551e-01,9.330000281333923340e-01
3.974820077419281006e-01,9.330000281333923340e-01
3.986810445785522461e-01,9.330000281333923340e-01
3.998800814151763916e-01,9.330000281333923340e-01
4.010791480541229248e-01,9.330000281333923340e-01
4.022781848907470703e-01,9.330000281333923340e-01
4.034772217273712158e-01,9.330000281333923340e-01
4.046762585639953613e-01,9.330000281333923340e-01
4.058752954006195068e-01,9.330000281333923340e-01
4.070743322372436523e-01,9.330000281333923340e-01
4.082733690738677979e-01,9.330000281333923340e-01
4.094724357128143311e-01,9.330000281333923340e-01
4.106714725494384766e-01,9.330000281333923340e-01
4.118705093860626221e-01,9.330000281333923340e-01
4.130695462226867676e-01,9.330000281333923340e-01
4.142685830593109131e-01,9.330000281333923340e-01
4.154676198959350586e-01,9.330000281333923340e-01
4.166666567325592041e-01,9.330000281333923340e-01
4.178656935691833496e-01,9.330000281333923340e-01
4.190647602081298828e-01,9.330000281333923340e-01
4.202637970447540283e-01,9.330000281333923340e-01
4.214628338813781738e-01,9.330000281333923340e-01
4.226618707180023193e-01,9.330000281333923340e-01
4.238609075546264648e-01,9.330000281333923340e-01
4.250599443912506104e-01,9.330000281333923340e-01
4.262589812278747559e-01,9.330000281333923340e-01
4.274580478668212891e-01,9.330000281333923340e-01
4.286570847034454346e-01,9.330000281333923340e-01
4.298561215400695801e-01,9.330000281333923340e-01
4.310551583766937256e-01,9.330000281333923340e-01
4.322541952133178711e-01,9.330000281333923340e-01
4.334532320499420166e-01,9.330000281333923340e-01
4.346522688865661621e-01,9.330000281333923340e-01
4.358513057231903076e-01,9.330000281333923340e-01
4.370503723621368408e-01,9.330000281333923340e-01
4.382494091987609863e-01,9.330000281333923340e-01
4.394484460353851318e-01,9.330000281333923340e-01
4.406474828720092773e-01,9.330000281333923340e-01
4.418465197086334229e-01,9.330000281333923340e-01
4.430455565452575684e-01,9.330000281333923340e-01
4.442445933818817139e-01,9.330000281333923340e-01
4.454436302185058594e-01,9.330000281333923340e-01
4.466426968574523926e-01,9.330000281333923340e-01
4.478417336940765381e-01,9.330000281333923340e-01
4.490407705307006836e-01,9.330000281333923340e-01
4.502398073673248291e-01,9.330000281333923340e-01
4.514388442039489746e-01,9.330000281333923340e-01
4.526378810405731201e-01,9.330000281333923340e-01
4.538369178771972656e-01,9.330000281333923340e-01
4.550359845161437988e-01,9.330000281333923340e-01
4.562350213527679443e-01,9.330000281333923340e-01
4.574340581893920898e-01,9.330000281333923340e-01
4.586330950260162354e-01,9.330000281333923340e-01
4.598321318626403809e-01,9.330000281333923340e-01
4.610311686992645264e-01,9.330000281333923340e-01
4.622302055358886719e-01,9.330000281333923340e-01
4.634292423725128174e-01,9.330000281333923340e-01
4.646283090114593506e-01,9.330000281333923340e-01
4.658273458480834961e-01,9.330000281333923340e-01
4.670263826847076416e-01,9.330000281333923340e-01
4.682254195213317871e-01,9.330000281333923340e-01
4.694244563579559326e-01,9.330000281333923340e-01
4.706234931945800781e-01,9.330000281333923340e-01
4.718225300312042236e-01,9.330000281333923340e-01
4.730215966701507568e-01,9.330000281333923340e-01
4.742206335067749023e-01,9.330000281333923340e-01
4.754196703433990479e-01,9.330000281333923340e-01
4.766187071800231934e-01,9.330000281333923340e-01
4.778177440166473389e-01,9.330000281333923340e-01
4.790167808532714844e-01,9.330000281333923340e-01
4.802158176898956299e-01,9.330000281333923340e-01
4.814148545265197754e-01,9.330000281333923340e-01
4.826139211654663086e-01,9.330000281333923340e-01
4.838129580020904541e-01,9.330000281333923340e-01
4.850119948387145996e-01,9.330000281333923340e-01
4.862110316753387451e-01,9.330000281333923340e-01
4.874100685119628906e-01,9.330000281333923340e-01
4.886091053485870361e-01,9.330000281333923340e-01
4.898081421852111816e-01,9.330000281333923340e-01
4.910072088241577148e-01,9.330000281333923340e-01
4.922062456607818604e-01,9.330000281333923340e-01
4.934052824974060059e-01,9.330000281333923340e-01
4.946043193340301514e-01,9.330000281333923340e-01
4.958033561706542969e-01,9.330000281333923340e-01
4.970023930072784424e-01,9.330000281333923340e-01
4.982014298439025879e-01,9.330000281333923340e-01
4.994004666805267334e-01,9.330000281333923340e-01
5.005995035171508789e-01,9.330000281333923340e-01
5.017985701560974121e-01,9.330000281333923340e-01
5.029975771903991699e-01,9.330000281333923340e-01
5.041966438293457031e-01,9.330000281333923340e-01
5.053957104682922363e-01,9.330000281333923340e-01
5.065947175025939941e-01,9.330000281333923340e-01
5.077937841415405273e-01,9.330000281333923340e-01
5.089927911758422852e-01,9.330000281333923340e-01
5.101918578147888184e-01,9.330000281333923340e-01
5.113908648490905762e-01,9.330000281333923340e-01
5.125899314880371094e-01,9.330000281333923340e-01
5.137889981269836426e-01,9.330000281333923340e-01
5.149880051612854004e-01,9.330000281333923340e-01
5.161870718002319336e-01,9.330000281333923340e-01
5.173860788345336914e-01,9.330000281333923340e-01
5.185851454734802246e-01,9.330000281333923340e-01
5.197841525077819824e-01,9.330000281333923340e-01
5.209832191467285156e-01,9.330000281333923340e-01
5.221822261810302734e-01,9.330000281333923340e-01
5.233812928199768066e-01,9.330000281333923340e-01
5.245803594589233398e-01,9.330000281333923340e-01
5.257793664932250977e-01,9.330000281333923340e-01
5.269784331321716309e-01,9.330000281333923340e-01
5.281774401664733887e-01,9.330000281333923340e-01
5.293765068054199219e-01,9.330000281333923340e-01
5.305755138397216797e-01,9.330000281333923340e-01
5.317745804786682129e-01,9.330000281333923340e-01
5.329736471176147461e-01,9.330000281333923340e-01
5.341726541519165039e-01,9.330000281333923340e-01
5.353717207908630371e-01,9.330000281333923340e-01
5.365707278251647949e-01,9.330000281333923340e-01
5.377697944641113281e-01,9.330000281333923340e-01
5.389688014984130859e-01,9.330000281333923340e-01
5.401678681373596191e-01,9.330000281333923340e-01
5.413669347763061523e-01,9.330000281333923340e-01
5.425659418106079102e-01,9.330000281333923340e-01
5.437650084495544434e-01,9.330000281333923340e-01
5.449640154838562012e-01,9.330000281333923340e-01
5.461630821228027344e-01,9.330000281333923340e-01
5.473620891571044922e-01,9.330000281333923340e-01
5.485611557960510254e-01,9.330000281333923340e-01
5.497601628303527832e-01,9.330000281333923340e-01
5.509592294692993164e-01,9.330000281333923340e-01
5.521582961082458496e-01,9.330000281333923340e-01
5.533573031425476074e-01,9.330000281333923340e-01
5.545563697814941406e-01,9.330000281333923340e-01
5.557553768157958984e-01,9.330000281333923340e-01
5.569544434547424316e-01,9.330000281333923340e-01
5.581534504890441895e-01,9.330000281333923340e-01
5.593525171279907227e-01,9.330000281333923340e-01
5.605515837669372559e-01,9.330000281333923340e-01
5.617505908012390137e-01,9.330000281333923340e-01
5.629496574401855469e-01,9.330000281333923340e-01
5.641486644744873047e-01,9.330000281333923340e-01
5.653477311134338379e-01,9.330000281333923340e-01
5.665467381477355957e-01,9.330000281333923340e-01
5.677458047866821289e-01,9.330000281333923340e-01
5.689448714256286621e-01,9.330000281333923340e-01
5.701438784599304199e-01,9.330000281333923340e-01
5.713429450988769531e-01,9.330000281333923340e-01
5.725419521331787109e-01,9.330000281333923340e-01
5.737410187721252441e-01,9.330000281333923340e-01
5.749400258064270020e-01,9.330000281333923340e-01
5.761390924453735352e-01,9.330000281333923340e-01
5.773381590843200684e-01,9.330000281333923340e-01
5.785371661186218262e-01,9.330000281333923340e-01
5.797362327575683594e-01,9.330000281333923340e-01
5.809352397918701172e-01,9.330000281333923340e-01
5.821343064308166504e-01,9.330000281333923340e-01
5.833333134651184082e-01,9.330000281333923340e-01
5.845323801040649414e-01,9.330000281333923340e-01
5.857313871383666992e-01,9.330000281333923340e-01
5.869304537773132324e-01,9.330000281333923340e-01
5.881295204162597656e-01,9.330000281333923340e-01
5.893285274505615234e-01,9.330000281333923340e-01
5.905275940895080566e-01,9.330000281333923340e-01
5.917266011238098145e-01,9.330000281333923340e-01
5.929256677627563477e-01,9.330000281333923340e-01
5.941246747970581055e-01,9.330000281333923340e-01
5.953237414360046387e-01,9.330000281333923340e-01
5.965228080749511719e-01,9.330000281333923340e-01
5.977218151092529297e-01,9.330000281333923340e-01
5.989208817481994629e-01,9.330000281333923340e-01
6.001198887825012207e-01,9.330000281333923340e-01
6.013189554214477539e-01,9.330000281333923340e-01
6.025179624557495117e-01,9.330000281333923340e-01
6.037170290946960449e-01,9.330000281333923340e-01
6.049160957336425781e-01,9.330000281333923340e-01
6.061151027679443359e-01,9.330000281333923340e-01
6.073141694068908691e-01,9.330000281333923340e-01
6.085131764411926270e-01,9.330000281333923340e-01
6.097122430801391602e-01,9.330000281333923340e-01
6.109112501144409180e-01,9.330000281333923340e-01
6.121103167533874512e-01,9.330000281333923340e-01
6.133093237876892090e-01,9.330000281333923340e-01
6.145083904266357422e-01,9.330000281333923340e-01
6.157074570655822754e-01,9.330000281333923340e-01
6.169064640998840332e-01,9.330000281333923340e-01
6.181055307388305664e-01,9.330000281333923340e-01
6.193045377731323242e-01,9.330000281333923340e-01
6.205036044120788574e-01,9.330000281333923340e-01
6.217026114463806152e-01,9.330000281333923340e-01
6.229016780853271484e-01,9.330000281333923340e-01
6.241007447242736816e-01,9.330000281333923340e-01
6.252997517585754395e-01,9.330000281333923340e-01
6.264988183975219727e-01,9.330000281333923340e-01
6.276978254318237305e-01,9.330000281333923340e-01
6.288968920707702637e-01,9.330000281333923340e-01
6.300958991050720215e-01,9.330000281333923340e-01
6.312949657440185547e-01,9.330000281333923340e-01
6.324940323829650879e-01,9.330000281333923340e-01
6.336930394172668457e-01,9.330000281333923340e-01
6.348921060562133789e-01,9.330000281333923340e-01
6.360911130905151367e-01,9.330000281333923340e-01
6.372901797294616699e-01,9.330000281333923340e-01
6.384891867637634277e-01,9.330000281333923340e-01
6.396882534027099609e-01,9.330000281333923340e-01
6.408872604370117188e-01,9.330000281333923340e-01
6.420863270759582520e-01,9.330000281333923340e-01
6.432853937149047852e-01,9.330000281333923340e-01
6.444844007492065430e-01,9.330000281333923340e-01
6.456834673881530762e-01,9.330000281333923340e-01
6.468824744224548340e-01,9.330000281333923340e-01
6.480815410614013672e-01,9.330000281333923340e-01
6.492805480957031250e-01,9.330000281333923340e-01
6.504796147346496582e-01,9.330000281333923340e-01
6.516786813735961914e-01,9.330000281333923340e-01
6.528776884078979492e-01,9.330000281333923340e-01
6.540767550468444824e-01,9.330000281333923340e-01
6.552757620811462402e-01,9.330000281333923340e-01
6.564748287200927734e-01,9.330000281333923340e-01
6.576738357543945312e-01,9.330000281333923340e-01
6.588729023933410645e-01,9.330000281333923340e-01
6.600719690322875977e-01,9.330000281333923340e-01
6.612709760665893555e-01,9.330000281333923340e-01
6.624700427055358887e-01,9.330000281333923340e-01
6.636690497398376465e-01,9.330000281333923340e-01
6.648681163787841797e-01,9.330000281333923340e-01
6.660671234130859375e-01,9.330000281333923340e-01
6.672661900520324707e-01,9.330000281333923340e-01
6.684652566909790039e-01,9.330000281333923340e-01
6.696642637252807617e-01,9.330000281333923340e-01
6.708633303642272949e-01,9.330000281333923340e-01
6.720623373985290527e-01,9.330000281333923340e-01
6.732614040374755859e-01,9.330000281333923340e-01
6.744604110717773438e-01,9.330000281333923340e-01
6.756594777107238770e-01,9.330000281333923340e-01
6.768584847450256348e-01,9.330000281333923340e-01
6.780575513839721680e-01,9.330000281333923340e-01
6.792566180229187012e-01,9.330000281333923340e-01
6.804556250572204590e-01,9.330000281333923340e-01
6.816546916961669922e-01,9.330000281333923340e-01
6.828536987304687500e-01,9.330000281333923340e-01
6.840527653694152832e-01,9.330000281333923340e-01
6.852517724037170410e-01,9.330000281333923340e-01
6.864508390426635742e-01,9.330000281333923340e-01
6.876499056816101074e-01,9.330000281333923340e-01
6.888489127159118652e-01,9.330000281333923340e-01
6.900479793548583984e-01,9.330000281333923340e-01
6.912469863891601562e-01,9.330000281333923340e-01
6.924460530281066895e-01,9.330000281333923340e-01
6.936450600624084473e-01,9.330000281333923340e-01
6.948441267013549805e-01,9.330000281333923340e-01
6.960431933403015137e-01,9.330000281333923340e-01
6.972422003746032715e-01,9.330000281333923340e-01
6.984412670135498047e-01,9.330000281333923340e-01
6.996402740478515625e-01,9.330000281333923340e-01
7.008393406867980957e-01,9.330000281333923340e-01
7.020383477210998535e-01,9.330000281333923340e-01
7.032374143600463867e-01,9.330000281333923340e-01
7.044364213943481445e-01,9.330000281333923340e-01
7.056354880332946777e-01,9.330000281333923340e-01
7.068345546722412109e-01,9.330000281333923340e-01
7.080335617065429688e-01,9.330000281333923340e-01
7.092326283454895020e-01,9.330000281333923340e-01
7.104316353797912598e-01,9.330000281333923340e-01
7.116307020187377930e-01,9.330000281333923340e-01
7.128297090530395508e-01,9.330000281333923340e-01
7.140287756919860840e-01,9.330000281333923340e-01
7.152278423309326172e-01,9.330000281333923340e-01
7.164268493652343750e-01,9.330000281333923340e-01
7.176259160041809082e-01,9.330000281333923340e-01
7.188249230384826660e-01,9.330000281333923340e-01
7.200239896774291992e-01,9.330000281333923340e-01
7.212229967117309570e-01,9.330000281333923340e-01
7.224220633506774902e-01,9.330000281333923340e-01
7.236211299896240234e-01,9.330000281333923340e-01
7.248201370239257812e-01,9.330000281333923340e-01
7.260192036628723145e-01,9.330000281333923340e-01
7.272182106971740723e-01,9.330000281333923340e-01
7.284172773361206055e-01,9.330000281333923340e-01
7.296162843704223633e-01,9.330000281333923340e-01
7.308153510093688965e-01,9.330000281333923340e-01
7.320144176483154297e-01,9.330000281333923340e-01
7.332134246826171875e-01,9.330000281333923340e-01
7.344124913215637207e-01,9.330000281333923340e-01
7.356114983558654785e-01,9.330000281333923340e-01
7.368105649948120117e-01,9.330000281333923340e-01
7.380095720291137695e-01,9.330000281333923340e-01
7.392086386680603027e-01,9.330000281333923340e-01
7.404076457023620605e-01,9.330000281333923340e-01
7.416067123413085938e-01,9.330000281333923340e-01
7.428057789802551270e-01,9.330000281333923340e-01
7.440047860145568848e-01,9.330000281333923340e-01
7.452038526535034180e-01,9.330000281333923340e-01
7.464028596878051758e-01,9.330000281333923340e-01
7.476019263267517090e-01,9.330000281333923340e-01
7.488009333610534668e-01,9.330000281333923340e-01
7.505995035171508789e-01,9.319616556167602539e-01
7.511990666389465332e-01,9.309232831001281738e-01
7.517985701560974121e-01,9.298849105834960938e-01
7.523980736732482910e-01,9.288465380668640137e-01
7.529975771903991699e-01,9.278081655502319336e-01
7.535971403121948242e-01,9.267697930335998535e-01
7.541966438293457031e-01,9.257314205169677734e-01
7.547961473464965820e-01,9.246930480003356934e-01
7.553957104682922363e-01,9.236546754837036133e-01
7.559952139854431152e-01,9.226163029670715332e-01
7.565947175025939941e-01,9.215779304504394531e-01
7.571942210197448730e-01,9.205395579338073730e-01
7.577937841415405273e-01,9.195011854171752930e-01
7.583932876586914062e-01,9.184628129005432129e-01
7.589927911758422852e-01,9.174244403839111328e-01
7.595923542976379395e-01,9.163860678672790527e-01
7.601918578147888184e-01,9.153476953506469727e-01
7.607913613319396973e-01,9.143093228340148926e-01
7.613908648490905762e-01,9.132710099220275879e-01
7.619904279708862305e-01,9.122326374053955078e-01
7.625899314880371094e-01,9.111942648887634277e-01
7.631894350051879883e-01,9.101558923721313477e-01
7.637889981269836426e-01,9.091175198554992676e-01
7.643885016441345215e-01,9.080791473388671875e-01
7.649880051612854004e-01,9.070407748222351074e-01
7.655875086784362793e-01,9.060024023056030273e-01
7.661870718002319336e-01,9.049640297889709473e-01
7.667865753173828125e-01,9.039256572723388672e-01
7.673860788345336914e-01,9.028872847557067871e-01
7.679855823516845703e-01,9.018489122390747070e-01
7.685851454734802246e-01,9.008105397224426270e-01
7.691846489906311035e-01,8.997721672058105469e-01
7.697841525077819824e-01,8.987337946891784668e-01
7.703837156295776367e-01,8.976954221725463867e-01
7.709832191467285156e-01,8.966570496559143066e-01
7.715827226638793945e-01,8.956186771392822266e-01
7.721822261810302734e-01,8.945803642272949219e-01
7.727817893028259277e-01,8.935419917106628418e-01
7.733812928199768066e-01,8.925036191940307617e-01
7.739807963371276855e-01,8.914652466773986816e-01
7.745803594589233398e-01,8.904268741607666016e-01
7.751798629760742188e-01,8.893885016441345215e-01
7.757793664932250977e-01,8.883501291275024414e-01
7.763788700103759766e-01,8.873117566108703613e-01
7.769784331321716309e-01,8.862733840942382812e-01
7.775779366493225098e-01,8.852350115776062012e-01
7.781774401664733887e-01,8.841966390609741211e-01
7.787770032882690430e-01,8.831582665443420410e-01
7.793765068054199219e-01,8.821198940277099609e-01
7.799760103225708008e-01,8.810815215110778809e-01
7.805755138397216797e-01,8.800431489944458008e-01
7.811750769615173340e-01,8.790047764778137207e-01
7.817745804786682129e-01,8.779664039611816406e-01
7.823740839958190918e-01,8.769280314445495605e-01
7.829736471176147461e-01,8.758896589279174805e-01
7.835731506347656250e-01,8.748513460159301758e-01
7.841726541519165039e-01,8.738129734992980957e-01
7.847721576690673828e-01,8.727746009826660156e-01
7.853717207908630371e-01,8.717362284660339355e-01
7.859712243080139160e-01,8.706978559494018555e-01
7.865707278251647949e-01,8.696594834327697754e-01
7.871702909469604492e-01,8.686211109161376953e-01
7.877697944641113281e-01,8.675827383995056152e-01
7.883692979812622070e-01,8.665443658828735352e-01
7.889688014984130859e-01,8.655059933662414551e-01
7.895683646202087402e-01,8.644676208496093750e-01
7.901678681373596191e-01,8.634292483329772949e-01
7.907673716545104980e-01,8.623908758163452148e-01
7.913669347763061523e-01,8.613525032997131348e-01
7.919664382934570312e-01,8.603141307830810547e-01
7.925659418106079102e-01,8.592757582664489746e-01
7.931654453277587891e-01,8.582373857498168945e-01
7.937650084495544434e-01,8.571990132331848145e-01
7.943645119667053223e-01,8.561607003211975098e-01
7.949640154838562012e-01,8.551223278045654297e-01
7.955635786056518555e-01,8.540839552879333496e-01
7.961630821228027344e-01,8.530455827713012695e-01
7.967625856399536133e-01,8.520072102546691895e-01
7.973620891571044922e-01,8.509688377380371094e-01
7.979616522789001465e-01,8.499304652214050293e-01
7.985611557960510254e-01,8.488920927047729492e-01
7.991606593132019043e-01,8.478537201881408691e-01
7.997601628303527832e-01,8.468153476715087891e-01
8.003597259521484375e-01,8.457769751548767090e-01
8.009592294692993164e-01,8.447386026382446289e-01
8.015587329864501953e-01,8.437002301216125488e-01
8.021582961082458496e-01,8.426618576049804688e-01
8.027577996253967285e-01,8.416234850883483887e-01
8.033573031425476074e-01,8.405851125717163086e-01
8.039568066596984863e-01,8.395467400550842285e-01
8.045563697814941406e-01,8.385083675384521484e-01
8.051558732986450195e-01,8.374699950218200684e-01
8.057553768157958984e-01,8.364316821098327637e-01
8.063549399375915527e-01,8.353933095932006836e-01
8.069544434547424316e-01,8.343549370765686035e-01
8.075539469718933105e-01,8.333165645599365234e-01
8.081534504890441895e-01,8.322781920433044434e-01
8.087530136108398438e-01,8.312398195266723633e-01
8.093525171279907227e-01,8.302014470100402832e-01
8.099520206451416016e-01,8.291630744934082031e-01
8.105515837669372559e-01,8.281247019767761230e-01
8.111510872840881348e-01,8.270863294601440430e-01
8.117505908012390137e-01,8.260479569435119629e-01
8.123500943183898926e-01,8.250095844268798828e-01
8.129496574401855469e-01,8.239712119102478027e-01
8.135491609573364258e-01,8.229328393936157227e-01
8.141486644744873047e-01,8.218944668769836426e-01
8.147482275962829590e-01,8.208560943603515625e-01
8.153477311134338379e-01,8.198177218437194824e-01
8.159472346305847168e-01,8.187793493270874023e-01
8.165467381477355957e-01,8.177410364151000977e-01
8.171463012695312500e-01,8.167026638984680176e-01
8.177458047866821289e-01,8.156642913818359375e-01
8.183453083038330078e-01,8.146259188652038574e-01
8.189448714256286621e-01,8.135875463485717773e-01
8.195443749427795410e-01,8.125491738319396973e-01
8.201438784599304199e-01,8.115108013153076172e-01
8.207433819770812988e-01,8.104724287986755371e-01
8.213429450988769531e-01,8.094340562820434570e-01
8.219424486160278320e-01,8.083956837654113770e-01
8.225419521331787109e-01,8.073573112487792969e-01
8.231415152549743652e-01,8.063189387321472168e-01
8.237410187721252441e-01,8.052805662155151367e-01
8.243405222892761230e-01,8.042421936988830566e-01
8.249400258064270020e-01,8.032038211822509766e-01
8.255395889282226562e-01,8.021654486656188965e-01
8.261390924453735352e-01,8.011270761489868164e-01
8.267385959625244141e-01,8.000887036323547363e-01
8.273381590843200684e-01,7.990503311157226562e-01
8.279376626014709473e-01,7.980120182037353516e-01
8.285371661186218262e-01,7.969736456871032715e-01
8.291366696357727051e-01,7.959352731704711914e-01
8.297362327575683594e-01,7.948969006538391113e-01
8.303357362747192383e-01,7.938585281372070312e-01
8.309352397918701172e-01,7.928201556205749512e-01
8.315347433090209961e-01,7.917817831039428711e-01
8.321343064308166504e-01,7.907434105873107910e-01
8.327338099479675293e-01,7.897050380706787109e-01
8.333333134651184082e-01,7.886666655540466309e-01
8.339328765869140625e-01,7.876282930374145508e-01
8.345323801040649414e-01,7.865899205207824707e-01
8.351318836212158203e-01,7.855515480041503906e-01
8.357313871383666992e-01,7.845131754875183105e-01
8.363309502601623535e-01,7.834748029708862305e-01
8.369304537773132324e-01,7.824364304542541504e-01
8.375299572944641113e-01,7.813980579376220703e-01
8.381295204162597656e-01,7.803596854209899902e-01
8.387290239334106445e-01,7.793213725090026855e-01
8.393285274505615234e-01,7.782829999923706055e-01
8.399280309677124023e-01,7.772446274757385254e-01
8.405275940895080566e-01,7.762062549591064453e-01
8.411270976066589355e-01,7.751678824424743652e-01
8.417266011238098145e-01,7.741295099258422852e-01
8.423261642456054688e-01,7.730911374092102051e-01
8.429256677627563477e-01,7.720527648925781250e-01
8.435251712799072266e-01,7.710143923759460449e-01
8.441246747970581055e-01,7.699760198593139648e-01
8.447242379188537598e-01,7.689376473426818848e-01
8.453237414360046387e-01,7.678992748260498047e-01
8.459232449531555176e-01,7.668609023094177246e-01
8.465228080749511719e-01,7.658225297927856445e-01
8.471223115921020508e-01,7.647841572761535645e-01
8.477218151092529297e-01,7.637457847595214844e-01
8.483213186264038086e-01,7.627074122428894043e-01
8.489208817481994629e-01,7.616690397262573242e-01
8.495203852653503418e-01,7.606306672096252441e-01
8.501198887825012207e-01,7.595923542976379395e-01
8.507194519042968750e-01,7.585539817810058594e-01
8.513189554214477539e-01,7.575156092643737793e-01
8.519184589385986328e-01,7.564772367477416992e-01
8.525179624557495117e-01,7.554388642311096191e-01
8.531175255775451660e-01,7.544004917144775391e-01
8.537170290946960449e-01,7.533621191978454590e-01
8.543165326118469238e-01,7.523237466812133789e-01
8.549160957336425781e-01,7.512853741645812988e-01
8.555155992507934570e-01,7.502470016479492188e-01
8.561151027679443359e-01,7.492086291313171387e-01
8.567146062850952148e-01,7.481702566146850586e-01
8.573141694068908691e-01,7.471318840980529785e-01
8.579136729240417480e-01,7.460935115814208984e-01
8.585131764411926270e-01,7.450551390647888184e-01
8.591127395629882812e-01,7.440167665481567383e-01
8.597122430801391602e-01,7.429783940315246582e-01
8.603117465972900391e-01,7.419400215148925781e-01
8.609112501144409180e-01,7.409016489982604980e-01
8.615108132362365723e-01,7.398633360862731934e-01
8.621103167533874512e-01,7.388249635696411133e-01
8.627098202705383301e-01,7.377865910530090332e-01
8.633093237876892090e-01,7.367482185363769531e-01
8.639088869094848633e-01,7.357098460197448730e-01
8.645083904266357422e-01,7.346714735031127930e-01
8.651078939437866211e-01,7.336331009864807129e-01
8.657074570655822754e-01,7.325947284698486328e-01
8.663069605827331543e-01,7.315563559532165527e-01
8.669064640998840332e-01,7.305179834365844727e-01
8.675059676170349121e-01,7.294796109199523926e-01
8.681055307388305664e-01,7.284412384033203125e-01
8.687050342559814453e-01,7.274028658866882324e-01
8.693045377731323242e-01,7.263644933700561523e-01
8.699041008949279785e-01,7.253261208534240723e-01
8.705036044120788574e-01,7.242877483367919922e-01
8.711031079292297363e-01,7.232493758201599121e-01
8.717026114463806152e-01,7.222110033035278320e-01
8.723021745681762695e-01,7.211726903915405273e-01
8.729016780853271484e-01,7.201343178749084473e-01
8.735011816024780273e-01,7.190959453582763672e-01
8.741007447242736816e-01,7.180575728416442871e-01
8.747002482414245605e-01,7.170192003250122070e-01
8.752997517585754395e-01,7.159808278083801270e-01
8.758992552757263184e-01,7.149424552917480469e-01
8.764988183975219727e-01,7.139040827751159668e-01
8.770983219146728516e-01,7.128657102584838867e-01
8.776978254318237305e-01,7.118273377418518066e-01
8.782973885536193848e-01,7.107889652252197266e-01
8.788968920707702637e-01,7.097505927085876465e-01
8.794963955879211426e-01,7.087122201919555664e-01
8.800958991050720215e-01,7.076738476753234863e-01
8.806954622268676758e-01,7.066354751586914062e-01
8.812949657440185547e-01,7.055971026420593262e-01
8.818944692611694336e-01,7.045587301254272461e-01
8.824940323829650879e-01,7.035203576087951660e-01
8.830935359001159668e-01,7.024819850921630859e-01
8.836930394172668457e-01,7.014436721801757812e-01
8.842925429344177246e-01,7.004052996635437012e-01
8.848921060562133789e-01,6.993669271469116211e-01
8.854916095733642578e-01,6.983285546302795410e-01
8.860911130905151367e-01,6.972901821136474609e-01
8.866906762123107910e-01,6.962518095970153809e-01
8.872901797294616699e-01,6.952134370803833008e-01
8.878896832466125488e-01,6.941750645637512207e-01
8.884891867637634277e-01,6.931366920471191406e-01
8.890887498855590820e-01,6.920983195304870605e-01
8.896882534027099609e-01,6.910599470138549805e-01
8.902877569198608398e-01,6.900215744972229004e-01
8.908872604370117188e-01,6.889832019805908203e-01
8.914868235588073730e-01,6.879448294639587402e-01
8.920863270759582520e-01,6.869064569473266602e-01
8.926858305931091309e-01,6.858680844306945801e-01
8.932853937149047852e-01,6.848297119140625000e-01
8.938848972320556641e-01,6.837913393974304199e-01
8.944844007492065430e-01,6.827530264854431152e-01
8.950839042663574219e-01,6.817146539688110352e-01
8.956834673881530762e-01,6.806762814521789551e-01
8.962829709053039551e-01,6.796379089355468750e-01
8.968824744224548340e-01,6.785995364189147949e-01
8.974820375442504883e-01,6.775611639022827148e-01
8.980815410614013672e-01,6.765227913856506348e-01
8.986810445785522461e-01,6.754844188690185547e-01
8.992805480957031250e-01,6.744460463523864746e-01
8.998801112174987793e-01,6.734076738357543945e-01
9.004796147346496582e-01,6.723693013191223145e-01
9.010791182518005371e-01,6.713309288024902344e-01
9.016786813735961914e-01,6.702925562858581543e-01
9.022781848907470703e-01,6.692541837692260742e-01
9.028776884078979492e-01,6.682158112525939941e-01
9.034771919250488281e-01,6.671774387359619141e-01
9.040767550468444824e-01,6.661390662193298340e-01
9.046762585639953613e-01,6.651006937026977539e-01
9.052757620811462402e-01,6.640623211860656738e-01
9.058753252029418945e-01,6.630240082740783691e-01
9.064748287200927734e-01,6.619856357574462891e-01
9.070743322372436523e-01,6.609472632408142090e-01
9.076738357543945312e-01,6.599088907241821289e-01
9.082733988761901855e-01,6.588705182075500488e-01
9.088729023933410645e-01,6.578321456909179688e-01
9.094724059104919434e-01,6.567937731742858887e-01
9.100719690322875977e-01,6.557554006576538086e-01
9.106714725494384766e-01,6.547170281410217285e-01
9.112709760665893555e-01,6.536786556243896484e-01
9.118704795837402344e-01,6.526402831077575684e-01
9.124700427055358887e-01,6.516019105911254883e-01
9.130695462226867676e-01,6.505635380744934082e-01
9.136690497398376465e-01,6.495251655578613281e-01
9.142686128616333008e-01,6.484867930412292480e-01
9.148681163787841797e-01,6.474484205245971680e-01
9.154676198959350586e-01,6.464100480079650879e-01
9.160671234130859375e-01,6.453716754913330078e-01
9.166666865348815918e-01,6.443333625793457031e-01
9.172661900520324707e-01,6.432949900627136230e-01
9.178656935691833496e-01,6.422566175460815430e-01
9.184652566909790039e-01,6.412182450294494629e-01
9.190647602081298828e-01,6.401798725128173828e-01
9.196642637252807617e-01,6.391414999961853027e-01
9.202637672424316406e-01,6.381031274795532227e-01
9.208633303642272949e-01,6.370647549629211426e-01
9.214628338813781738e-01,6.360263824462890625e-01
9.220623373985290527e-01,6.349880099296569824e-01
9.226618409156799316e-01,6.339496374130249023e-01
9.232614040374755859e-01,6.329112648963928223e-01
9.238609075546264648e-01,6.318728923797607422e-01
9.244604110717773438e-01,6.308345198631286621e-01
9.250599741935729980e-01,6.297961473464965820e-01
9.256594777107238770e-01,6.287577748298645020e-01
9.262589812278747559e-01,6.277194023132324219e-01
9.268584847450256348e-01,6.266810297966003418e-01
9.274580478668212891e-01,6.256426572799682617e-01
9.280575513839721680e-01,6.246043443679809570e-01
9.286570549011230469e-01,6.235659718513488770e-01
9.292566180229187012e-01,6.225275993347167969e-01
9.298561215400695801e-01,6.214892268180847168e-01
9.304556250572204590e-01,6.204508543014526367e-01
9.310551285743713379e-01,6.194124817848205566e-01
9.316546916961669922e-01,6.183741092681884766e-01
9.322541952133178711e-01,6.173357367515563965e-01
9.328536987304687500e-01,6.162973642349243164e-01
9.334532618522644043e-01,6.152589917182922363e-01
9.340527653694152832e-01,6.142206192016601562e-01
9.346522688865661621e-01,6.131822466850280762e-01
9.352517724037170410e-01,6.121438741683959961e-01
9.358513355255126953e-01,6.111055016517639160e-01
9.364508390426635742e-01,6.100671291351318359e-01
9.370503425598144531e-01,6.090287566184997559e-01
9.376499056816101074e-01,6.079903841018676758e-01
9.382494091987609863e-01,6.069520115852355957e-01
9.388489127159118652e-01,6.059136986732482910e-01
9.394484162330627441e-01,6.048753261566162109e-01
9.400479793548583984e-01,6.038369536399841309e-01
9.406474828720092773e-01,6.027985811233520508e-01
9.412469863891601562e-01,6.017602086067199707e-01
9.418465495109558105e-01,6.007218360900878906e-01
9.424460530281066895e-01,5.996834635734558105e-01
9.430455565452575684e-01,5.986450910568237305e-01
9.436450600624084473e-01,5.976067185401916504e-01
9.442446231842041016e-01,5.965683460235595703e-01
9.448441267013549805e-01,5.955299735069274902e-01
9.454436302185058594e-01,5.944916009902954102e-01
9.460431933403015137e-01,5.934532284736633301e-01
9.466426968574523926e-01,5.924148559570312500e-01
9.472422003746032715e-01,5.913764834403991699e-01
9.478417038917541504e-01,5.903381109237670898e-01
9.484412670135498047e-01,5.892997384071350098e-01
9.490407705307006836e-01,5.882613658905029297e-01
9.496402740478515625e-01,5.872229933738708496e-01
9.502398371696472168e-01,5.861846804618835449e-01
9.508393406867980957e-01,5.851463079452514648e-01
9.514388442039489746e-01,5.841079354286193848e-01
9.520383477210998535e-01,5.830695629119873047e-01
9.526379108428955078e-01,5.820311903953552246e-01
9.532374143600463867e-01,5.809928178787231445e-01
9.538369178771972656e-01,5.799544453620910645e-01
9.544364213943481445e-01,5.789160728454589844e-01
9.550359845161437988e-01,5.778777003288269043e-01
9.556354880332946777e-01,5.768393278121948242e-01
9.562349915504455566e-01,5.758009552955627441e-01
9.568345546722412109e-01,5.747625827789306641e-01
9.574340581893920898e-01,5.737242102622985840e-01
9.580335617065429688e-01,5.726858377456665039e-01
9.586330652236938477e-01,5.716474652290344238e-01
9.592326283454895020e-01,5.706090927124023438e-01
9.598321318626403809e-01,5.695707201957702637e-01
9.604316353797912598e-01,5.685323476791381836e-01
9.610311985015869141e-01,5.674939751625061035e-01
9.616307020187377930e-01,5.664556622505187988e-01
9.622302055358886719e-01,5.654172897338867188e-01
9.628297090530395508e-01,5.643789172172546387e-01
9.634292721748352051e-01,5.633405447006225586e-01
9.640287756919860840e-01,5.623021721839904785e-01
9.646282792091369629e-01,5.612637996673583984e-01
9.652278423309326172e-01,5.602254271507263184e-01
9.658273458480834961e-01,5.591870546340942383e-01
9.664268493652343750e-01,5.581486821174621582e-01
9.670263528823852539e-01,5.571103096008300781e-01
9.676259160041809082e-01,5.560719370841979980e-01
9.682254195213317871e-01,5.550335645675659180e-01
9.688249230384826660e-01,5.539951920509338379e-01
9.694244861602783203e-01,5.529568195343017578e-01
9.700239896774291992e-01,5.519184470176696777e-01
9.706234931945800781e-01,5.508800745010375977e-01
9.712229967117309570e-01,5.498417019844055176e-01
9.718225598335266113e-01,5.488033294677734375e-01
9.724220633506774902e-01,5.477650165557861328e-01
9.730215668678283691e-01,5.467266440391540527e-01
9.736211299896240234e-01,5.456882715225219727e-01
9.742206335067749023e-01,5.446498990058898926e-01
9.748201370239257812e-01,5.436115264892578125e-01
9.754196405410766602e-01,5.425731539726257324e-01
9.760192036628723145e-01,5.415347814559936523e-01
9.766187071800231934e-01,5.404964089393615723e-01
9.772182106971740723e-01,5.394580364227294922e-01
9.778177738189697266e-01,5.384196639060974121e-01
9.784172773361206055e-01,5.373812913894653320e-01
9.790167808532714844e-01,5.363429188728332520e-01
9.796162843704223633e-01,5.353045463562011719e-01
9.802158474922180176e-01,5.342661738395690918e-01
9.808153510093688965e-01,5.332278013229370117e-01
9.814148545265197754e-01,5.321894288063049316e-01
9.820144176483154297e-01,5.311510562896728516e-01
9.826139211654663086e-01,5.301126837730407715e-01
9.832134246826171875e-01,5.290743112564086914e-01
9.838129281997680664e-01,5.280359983444213867e-01
9.844124913215637207e-01,5.269976258277893066e-01
9.850119948387145996e-01,5.259592533111572266e-01
9.856114983558654785e-01,5.249208807945251465e-01
9.862110018730163574e-01,5.238825082778930664e-01
9.868105649948120117e-01,5.228441357612609863e-01
9.874100685119628906e-01,5.218057632446289062e-01
9.880095720291137695e-01,5.207673907279968262e-01
9.886091351509094238e-01,5.197290182113647461e-01
9.892086386680603027e-01,5.186906456947326660e-01
9.898081421852111816e-01,5.176522731781005859e-01
9.904076457023620605e-01,5.166139006614685059e-01
9.910072088241577148e-01,5.155755281448364258e-01
9.916067123413085938e-01,5.145371556282043457e-01
9.922062158584594727e-01,5.134987831115722656e-01
9.928057789802551270e-01,5.124604105949401855e-01
9.934052824974060059e-01,5.114220380783081055e-01
9.940047860145568848e-01,5.103836655616760254e-01
9.946042895317077637e-01,5.093453526496887207e-01
9.952038526535034180e-01,5.083069801330566406e-01
9.958033561706542969e-01,5.072686076164245605e-01
9.964028596878051758e-01,5.062302350997924805e-01
9.970024228096008301e-01,5.051918625831604004e-01
9.976019263267517090e-01,5.041534900665283203e-01
9.982014298439025879e-01,5.031151175498962402e-01
9.988009333610534668e-01,5.020767450332641602e-01
9.994004964828491211e-01,5.010383725166320801e-01
9.993990659713745117e-01,4.989591240882873535e-01
9.987980723381042480e-01,4.979182779788970947e-01
9.981971383094787598e-01,4.968774020671844482e-01
9.975961446762084961e-01,4.958365261554718018e-01
9.969952106475830078e-01,4.947956800460815430e-01
9.963942170143127441e-01,4.937548041343688965e-01
9.957932829856872559e-01,4.927139282226562500e-01
9.951922893524169922e-01,4.916730821132659912e-01
9.945913553237915039e-01,4.906322062015533447e-01
9.939903616905212402e-01,4.895913600921630859e-01
9.933894276618957520e-01,4.885504841804504395e-01
9.927884340286254883e-01,4.875096082687377930e-01
9.921875000000000000e-01,4.864687621593475342e-01
9.915865659713745117e-01,4.854278862476348877e-01
9.909855723381042480e-01,4.843870103359222412e-01
9.903846383094787598e-01,4.833461642265319824e-01
9.897836446762084961e-01,4.823052883148193359e-01
9.891827106475830078e-01,4.812644124031066895e-01
9.885817170143127441e-01,4.802235662937164307e-01
9.879807829856872559e-01,4.791826903820037842e-01
9.873797893524169922e-01,4.781418144702911377e-01
9.867788553237915039e-01,4.771009683609008789e-01
9.861778616905212402e-01,4.760600924491882324e-01
9.855769276618957520e-01,4.750192165374755859e-01
9.849759340286254883e-01,4.739783704280853271e-01
9.843750000000000000e-01,4.729374945163726807e-01
9.837740659713745117e-01,4.718966484069824219e-01
9.831730723381042480e-01,4.708557724952697754e-01
9.825721383094787598e-01,4.698148965835571289e-01
9.819711446762084961e-01,4.687740504741668701e-01
9.813702106475830078e-01,4.677331745624542236e-01
9.807692170143127441e-01,4.666922986507415771e-01
9.801682829856872559e-01,4.656514525413513184e-01
9.795672893524169922e-01,4.646105766296386719e-01
9.789663553237915039e-01,4.635697007179260254e-01
9.783653616905212402e-01,4.625288546085357666e-01
9.777644276618957520e-01,4.614879786968231201e-01
9.771634340286254883e-01,4.604471027851104736e-01
9.765625000000000000e-01,4.594062566757202148e-01
9.759615659713745117e-01,4.583653807640075684e-01
9.753605723381042480e-01,4.573245048522949219e-01
9.747596383094787598e-01,4.562836587429046631e-01
9.741586446762084961e-01,4.552427828311920166e-01
9.735577106475830078e-01,4.542019367218017578e-01
9.729567170143127441e-01,4.531610608100891113e-01
9.723557829856872559e-01,4.521201848983764648e-01
9.717547893524169922e-01,4.510793387889862061e-01
9.711538553237915039e-01,4.500384628772735596e-01
9.705528616905212402e-01,4.489975869655609131e-01
9.699519276618957520e-01,4.479567408561706543e-01
9.693509340286254883e-01,4.469158649444580078e-01
9.687500000000000000e-01,4.458749890327453613e-01
9.681490659713745117e-01,4.448341429233551025e-01
9.675480723381042480e-01,4.437932670116424561e-01
9.669471383094787598e-01,4.427523910999298096e-01
9.663461446762084961e-01,4.417115449905395508e-01
9.657452106475830078e-01,4.406706690788269043e-01
9.651442170143127441e-01,4.396297931671142578e-01
9.645432829856872559e-01,4.385889470577239990e-01
9.639422893524169922e-01,4.375480711460113525e-01
9.633413553237915039e-01,4.365072250366210938e-01
9.627403616905212402e-01,4.354663491249084473e-01
9.621394276618957520e-01,4.344254732131958008e-01
9.615384340286254883e-01,4.333846271038055420e-01
9.609375000000000000e-01,4.323437511920928955e-01
9.603365659713745117e-01,4.313028752803802490e-01
9.597355723381042480e-01,4.302620291709899902e-01
9.591346383094787598e-01,4.292211532592773438e-01
9.585336446762084961e-01,4.281802773475646973e-01
9.579327106475830078e-01,4.271394312381744385e-01
9.573317170143127441e-01,4.260985553264617920e-01
9.567307829856872559e-01,4.250576794147491455e-01
9.561297893524169922e-01,4.240168333053588867e-01
9.555288553237915039e-01,4.229759573936462402e-01
9.549278616905212402e-01,4.219350814819335938e-01
9.543269276618957520e-01,4.208942353725433350e-01
9.537259340286254883e-01,4.198533594608306885e-01
9.531250000000000000e-01,4.188125133514404297e-01
9.525240659713745117e-01,4.177716374397277832e-01
9.519230723381042480e-01,4.167307615280151367e-01
9.513221383094787598e-01,4.156899154186248779e-01
9.507211446762084961e-01,4.146490395069122314e-01
9.501202106475830078e-01,4.136081635951995850e-01
9.495192170143127441e-01,4.125673174858093262e-01
9.489182829856872559e-01,4.115264415740966797e-01
9.483172893524169922e-01,4.104855656623840332e-01
9.477163553237915039e-01,4.094447195529937744e-01
9.471153616905212402e-01,4.084038436412811279e-01
9.465144276618957520e-01,4.073629677295684814e-01
9.459134340286254883e-01,4.063221216201782227e-01
9.453125000000000000e-01,4.052812457084655762e-01
9.447115659713745117e-01,4.042403697967529297e-01
9.441105723381042480e-01,4.031995236873626709e-01
9.435096383094787598e-01,4.021586477756500244e-01
9.429086446762084961e-01,4.011178016662597656e-01
9.423077106475830078e-01,4.000769257545471191e-01
9.417067170143127441e-01,3.990360498428344727e-01
9.411057829856872559e-01,3.979952037334442139e-01
9.405047893524169922e-01,3.969543278217315674e-01
9.399038553237915039e-01,3.959134519100189209e-01
9.393028616905212402e-01,3.948726058006286621e-01
9.387019276618957520e-01,3.938317298889160156e-01
9.381009340286254883e-01,3.927908539772033691e-01
9.375000000000000000e-01,3.917500078678131104e-01
9.368990659713745117e-01,3.907091319561004639e-01
9.362980723381042480e-01,3.896682560443878174e-01
9.356971383094787598e-01,3.886274099349975586e-01
9.350961446762084961e-01,3.875865340232849121e-01
9.344952106475830078e-01,3.865456879138946533e-01
9.338942170143127441e-01,3.855048120021820068e-01
9.332932829856872559e-01,3.844639360904693604e-01
9.326922893524169922e-01,3.834230899810791016e-01
9.320913553237915039e-01,3.823822140693664551e-01
9.314903616905212402e-01,3.813413381576538086e-01
9.308894276618957520e-01,3.803004920482635498e-01
9.302884340286254883e-01,3.792596161365509033e-01
9.296875000000000000e-01,3.782187402248382568e-01
9.290865659713745117e-01,3.771778941154479980e-01
9.284855723381042480e-01,3.761370182037353516e-01
9.278846383094787598e-01,3.750961422920227051e-01
9.272836446762084961e-01,3.740552961826324463e-01
9.266827106475830078e-01,3.730144202709197998e-01
9.260817170143127441e-01,3.719735443592071533e-01
9.254807829856872559e-01,3.709326982498168945e-01
9.248797893524169922e-01,3.698918223381042480e-01
9.242788553237915039e-01,3.688509762287139893e-01
9.236778616905212402e-01,3.678101003170013428e-01
9.230769276618957520e-01,3.667692244052886963e-01
9.224759340286254883e-01,3.657283782958984375e-01
9.218750000000000000e-01,3.646875023841857910e-01
9.212740659713745117e-01,3.636466264724731445e-01
9.206730723381042480e-01,3.626057803630828857e-01
9.200721383094787598e-01,3.615649044513702393e-01
9.194711446762084961e-01,3.605240285396575928e-01
9.188702106475830078e-01,3.594831824302673340e-01
9.182692170143127441e-01,3.584423065185546875e-01
9.176682829856872559e-01,3.574014306068420410e-01
9.170672893524169922e-01,3.563605844974517822e-01
9.164663553237915039e-01,3.553197085857391357e-01
9.158653616905212402e-01,3.542788326740264893e-01
9.152644276618957520e-01,3.532379865646362305e-01
9.146634340286254883e-01,3.521971106529235840e-01
9.140625000000000000e-01,3.511562645435333252e-01
9.134615659713745117e-01,3.501153886318206787e-01
9.128605723381042480e-01,3.490745127201080322e-01
9.122596383094787598e-01,3.480336666107177734e-01
9.116586446762084961e-01,3.469927906990051270e-01
9.110577106475830078e-01,3.459519147872924805e-01
9.104567170143127441e-01,3.449110686779022217e-01
9.098557829856872559e-01,3.438701927661895752e-01
9.092547893524169922e-01,3.428293168544769287e-01
9.086538553237915039e-01,3.417884707450866699e-01
9.080528616905212402e-01,3.407475948333740234e-01
9.074519276618957520e-01,3.397067189216613770e-01
9.068509340286254883e-01,3.386658728122711182e-01
9.062500000000000000e-01,3.376249969005584717e-01
9.056490659713745117e-01,3.365841209888458252e-01
9.050480723381042480e-01,3.355432748794555664e-01
9.044471383094787598e-01,3.345023989677429199e-01
9.038461446762084961e-01,3.334615528583526611e-01
9.032452106475830078e-01,3.324206769466400146e-01
9.026442170143127441e-01,3.313798010349273682e-01
9.020432829856872559e-01,3.303389549255371094e-01
9.014422893524169922e-01,3.292980790138244629e-01
9.008413553237915039e-01,3.282572031021118164e-01
9.002403616905212402e-01,3.272163569927215576e-01
8.996394276618957520e-01,3.261754810810089111e-01
8.990384340286254883e-01,3.251346051692962646e-01
8.984375000000000000e-01,3.240937590599060059e-01
8.978365659713745117e-01,3.230528831481933594e-01
8.972355723381042480e-01,3.220120072364807129e-01
8.966346383094787598e-01,3.209711611270904541e-01
8.960336446762084961e-01,3.199302852153778076e-01
8.954327106475830078e-01,3.188894093036651611e-01
8.948317170143127441e-01,3.178485631942749023e-01
8.942307829856872559e-01,3.168076872825622559e-01
8.936297893524169922e-01,3.157668411731719971e-01
8.930288553237915039e-01,3.147259652614593506e-01
8.924278616905212402e-01,3.136850893497467041e-01
8.918269276618957520e-01,3.126442432403564453e-01
8.912259340286254883e-01,3.116033673286437988e-01
8.906250000000000000e-01,3.105624914169311523e-01
8.900240659713745117e-01,3.095216453075408936e-01
8.894230723381042480e-01,3.084807693958282471e-01
8.888221383094787598e-01,3.074398934841156006e-01
8.882211446762084961e-01,3.063990473747253418e-01
8.876202106475830078e-01,3.053581714630126953e-01
8.870192170143127441e-01,3.043172955513000488e-01
8.864182829856872559e-01,3.032764494419097900e-01
8.858172893524169922e-01,3.022355735301971436e-01
8.852163553237915039e-01,3.011946976184844971e-01
8.846153616905212402e-01,3.001538515090942383e-01
8.840144276618957520e-01,2.991129755973815918e-01
8.834134340286254883e-01,2.980721294879913330e-01
8.828125000000000000e-01,2.970312535762786865e-01
8.822115659713745117e-01,2.959903776645660400e-01
8.816105723381042480e-01,2.949495315551757812e-01
8.810096383094787598e-01,2.939086556434631348e-01
8.804086446762084961e-01,2.928677797317504883e-01
8.798077106475830078e-01,2.918269336223602295e-01
8.792067170143127441e-01,2.907860577106475830e-01
8.786057829856872559e-01,2.897451817989349365e-01
8.780047893524169922e-01,2.887043356895446777e-01
8.774038553237915039e-01,2.876634597778320312e-01
8.768028616905212402e-01,2.866225838661193848e-01
8.762019276618957520e-01,2.855817377567291260e-01
8.756009340286254883e-01,2.845408618450164795e-01
8.750000000000000000e-01,2.834999859333038330e-01
8.743990659713745117e-01,2.824591398239135742e-01
8.737980723381042480e-01,2.814182639122009277e-01
8.731971383094787598e-01,2.803774178028106689e-01
8.725961446762084961e-01,2.793365418910980225e-01
8.719952106475830078e-01,2.782956659793853760e-01
8.713942170143127441e-01,2.772548198699951172e-01
8.707932829856872559e-01,2.762139439582824707e-01
8.701922893524169922e-01,2.751730680465698242e-01
8.695913553237915039e-01,2.741322219371795654e-01
8.689903616905212402e-01,2.730913460254669189e-01
8.683894276618957520e-01,2.720504701137542725e-01
8.677884340286254883e-01,2.710096240043640137e-01
8.671875000000000000e-01,2.699687480926513672e-01
8.665865659713745117e-01,2.689278721809387207e-01
8.659855723381042480e-01,2.678870260715484619e-01
8.653846383094787598e-01,2.668461501598358154e-01
8.647836446762084961e-01,2.658052742481231689e-01
8.641827106475830078e-01,2.647644281387329102e-01
8.635817170143127441e-01,2.637235522270202637e-01
8.629807829856872559e-01,2.626827061176300049e-01
8.623797893524169922e-01,2.616418302059173584e-01
8.617788553237915039e-01,2.606009542942047119e-01
8.611778616905212402e-01,2.595601081848144531e-01
8.605769276618957520e-01,2.585192322731018066e-01
8.599759340286254883e-01,2.574783563613891602e-01
8.593750000000000000e-01,2.564375102519989014e-01
8.587740659713745117e-01,2.553966343402862549e-01
8.581730723381042480e-01,2.543557584285736084e-01
8.575721383094787598e-01,2.533149123191833496e-01
8.569711446762084961e-01,2.522740364074707031e-01
8.563702106475830078e-01,2.512331604957580566e-01
8.557692170143127441e-01,2.501923143863677979e-01
8.551682829856872559e-01,2.491514384746551514e-01
8.545672893524169922e-01,2.481105774641036987e-01
8.539663553237915039e-01,2.470697164535522461e-01
8.533653616905212402e-01,2.460288405418395996e-01
8.527644276618957520e-01,2.449879795312881470e-01
8.521634340286254883e-01,2.439471185207366943e-01
8.515625000000000000e-01,2.429062426090240479e-01
8.509615659713745117e-01,2.418653815984725952e-01
8.503605723381042480e-01,2.408245205879211426e-01
8.497596383094787598e-01,2.397836595773696899e-01
8.491586446762084961e-01,2.387427836656570435e-01
8.485577106475830078e-01,2.377019226551055908e-01
8.479567170143127441e-01,2.366610616445541382e-01
8.473557829856872559e-01,2.356201857328414917e-01
8.467547893524169922e-01,2.345793247222900391e-01
8.461538553237915039e-01,2.335384637117385864e-01
8.455528616905212402e-01,2.324976027011871338e-01
8.449519276618957520e-01,2.314567267894744873e-01
8.443509340286254883e-01,2.304158657789230347e-01
8.437500000000000000e-01,2.293750047683715820e-01
8.431490659713745117e-01,2.283341288566589355e-01
8.425480723381042480e-01,2.272932678461074829e-01
8.419471383094787598e-01,2.262524068355560303e-01
8.413461446762084961e-01,2.252115458250045776e-01
8.407452106475830078e-01,2.241706699132919312e-01
8.401442170143127441e-01,2.231298089027404785e-01
8.395432829856872559e-01,2.220889478921890259e-01
8.389422893524169922e-01,2.210480719804763794e-01
8.383413553237915039e-01,2.200072109699249268e-01
8.377403616905212402e-01,2.189663499593734741e-01
8.371394276618957520e-01,2.179254740476608276e-01
8.365384340286254883e-01,2.168846130371093750e-01
8.359375000000000000e-01,2.158437520265579224e-01
8.353365659713745117e-01,2.148028910160064697e-01
8.347355723381042480e-01,2.137620151042938232e-01
8.341346383094787598e-01,2.127211540937423706e-01
8.335336446762084961e-01,2.116802930831909180e-01
8.329327106475830078e-01,2.106394171714782715e-01
8.323317170143127441e-01,2.095985561609268188e-01
8.317307829856872559e-01,2.085576951503753662e-01
8.311297893524169922e-01,2.075168341398239136e-01
8.305288553237915039e-01,2.064759582281112671e-01
8.299278616905212402e-01,2.054350972175598145e-01
8.293269276618957520e-01,2.043942362070083618e-01
8.287259340286254883e-01,2.033533602952957153e-01
8.281250000000000000e-01,2.023124992847442627e-01
8.275240659713745117e-01,2.012716382741928101e-01
8.269230723381042480e-01,2.002307623624801636e-01
8.263221383094787598e-01,1.991899013519287109e-01
8.257211446762084961e-01,1.981490403413772583e-01
8.251202106475830078e-01,1.971081793308258057e-01
8.245192170143127441e-01,1.960673034191131592e-01
8.239182829856872559e-01,1.950264424085617065e-01
8.233172893524169922e-01,1.939855813980102539e-01
8.227163553237915039e-01,1.929447054862976074e-01
8.221153616905212402e-01,1.919038444757461548e-01
8.215144276618957520e-01,1.908629834651947021e-01
8.209134340286254883e-01,1.898221224546432495e-01
8.203125000000000000e-01,1.887812465429306030e-01
8.197115659713745117e-01,1.877403855323791504e-01
8.191105723381042480e-01,1.866995245218276978e-01
8.185096383094787598e-01,1.856586486101150513e-01
8.179086446762084961e-01,1.846177875995635986e-01
8.173077106475830078e-01,1.835769265890121460e-01
8.167067170143127441e-01,1.825360506772994995e-01
8.161057829856872559e-01,1.814951896667480469e-01
8.155047893524169922e-01,1.804543286561965942e-01
8.149038553237915039e-01,1.794134676456451416e-01
8.143028616905212402e-01,1.783725917339324951e-01
8.137019276618957520e-01,1.773317307233810425e-01
8.131009340286254883e-01,1.762908697128295898e-01
8.125000000000000000e-01,1.752499938011169434e-01
8.118990659713745117e-01,1.742091327905654907e-01
8.112980723381042480e-01,1.731682717800140381e-01
8.106971383094787598e-01,1.721274107694625854e-01
8.100961446762084961e-01,1.710865348577499390e-01
8.094952106475830078e-01,1.700456738471984863e-01
8.088942170143127441e-01,1.690048128366470337e-01
8.082932829856872559e-01,1.679639369249343872e-01
8.076922893524169922e-01,1.669230759143829346e-01
8.070913553237915039e-01,1.658822149038314819e-01
8.064903616905212402e-01,1.648413389921188354e-01
8.058894276618957520e-01,1.638004779815673828e-01
8.052884340286254883e-01,1.627596169710159302e-01
8.046875000000000000e-01,1.617187559604644775e-01
8.040865659713745117e-01,1.606778800487518311e-01
8.034855723381042480e-01,1.596370190382003784e-01
8.028846383094787598e-01,1.585961580276489258e-01
8.022836446762084961e-01,1.575552821159362793e-01
8.016827106475830078e-01,1.565144211053848267e-01
8.010817170143127441e-01,1.554735600948333740e-01
8.004807829856872559e-01,1.544326990842819214e-01
7.998797893524169922e-01,1.533918231725692749e-01
7.992788553237915039e-01,1.523509621620178223e-01
7.986778616905212402e-01,1.513101011514663696e-01
7.980769276618957520e-01,1.502692252397537231e-01
7.974759340286254883e-01,1.492283642292022705e-01
7.968750000000000000e-01,1.481875032186508179e-01
7.962740659713745117e-01,1.471466273069381714e-01
7.956730723381042480e-01,1.461057662963867188e-01
7.950721383094787598e-01,1.450649052858352661e-01
7.944711446762084961e-01,1.440240442752838135e-01
7.938702106475830078e-01,1.429831683635711670e-01
7.932692170143127441e-01,1.419423073530197144e-01
7.926682829856872559e-01,1.409014463424682617e-01
7.920672893524169922e-01,1.398605704307556152e-01
7.914663553237915039e-01,1.388197094202041626e-01
7.908653616905212402e-01,1.377788484096527100e-01
7.902644276618957520e-01,1.367379873991012573e-01
7.896634340286254883e-01,1.356971114873886108e-01
7.890625000000000000e-01,1.346562504768371582e-01
7.884615659713745117e-01,1.336153894662857056e-01
7.878605723381042480e-01,1.325745135545730591e-01
7.872596383094787598e-01,1.315336525440216064e-01
7.866586446762084961e-01,1.304927915334701538e-01
7.860577106475830078e-01,1.294519305229187012e-01
7.854567170143127441e-01,1.284110546112060547e-01
7.848557829856872559e-01,1.273701936006546021e-01
7.842547893524169922e-01,1.263293325901031494e-01
7.836538553237915039e-01,1.252884566783905029e-01
7.830528616905212402e-01,1.242475956678390503e-01
7.824519276618957520e-01,1.232067272067070007e-01
7.818509340286254883e-01,1.221658661961555481e-01
7.812500000000000000e-01,1.211249977350234985e-01
7.806490659713745117e-01,1.200841367244720459e-01
7.800480723381042480e-01,1.190432682633399963e-01
7.794471383094787598e-01,1.180024072527885437e-01
7.788461446762084961e-01,1.169615387916564941e-01
7.782452106475830078e-01,1.159206703305244446e-01
7.776442170143127441e-01,1.148798093199729919e-01
7.770432829856872559e-01,1.138389408588409424e-01
7.764422893524169922e-01,1.127980798482894897e-01
7.758413553237915039e-01,1.117572113871574402e-01
7.752403616905212402e-01,1.107163429260253906e-01
7.746394276618957520e-01,1.096754819154739380e-01
7.740384340286254883e-01,1.086346134543418884e-01
7.734375000000000000e-01,1.075937524437904358e-01
7.728365659713745117e-01,1.065528839826583862e-01
7.722355723381042480e-01,1.055120155215263367e-01
7.716346383094787598e-01,1.044711545109748840e-01
7.710336446762084961e-01,1.034302860498428345e-01
7.704327106475830078e-01,1.023894250392913818e-01
7.698317170143127441e-01,1.013485565781593323e-01
7.692307829856872559e-01,1.003076955676078796e-01
7.686297893524169922e-01,9.926682710647583008e-02
7.680288553237915039e-01,9.822595864534378052e-02
7.674278616905212402e-01,9.718509763479232788e-02
7.668269276618957520e-01,9.614422917366027832e-02
7.662259340286254883e-01,9.510336816310882568e-02
7.656250000000000000e-01,9.406249970197677612e-02
7.650240659713745117e-01,9.302163124084472656e-02
7.644230723381042480e-01,9.198077023029327393e-02
7.638221383094787598e-01,9.093990176916122437e-02
7.632211446762084961e-01,8.989904075860977173e-02
7.626202106475830078e-01,8.885817229747772217e-02
7.620192170143127441e-01,8.781731128692626953e-02
7.614182829856872559e-01,8.677644282579421997e-02
7.608172893524169922e-01,8.573557436466217041e-02
7.602163553237915039e-01,8.469471335411071777e-02
7.596153616905212402e-01,8.365384489297866821e-02
7.590144276618957520e-01,8.261298388242721558e-02
7.584134340286254883e-01,8.157211542129516602e-02
7.578125000000000000e-01,8.053124696016311646e-02
7.572115659713745117e-01,7.949038594961166382e-02
7.566105723381042480e-01,7.844951748847961426e-02
7.560096383094787598e-01,7.740865647792816162e-02
7.554086446762084961e-01,7.636778801679611206e-02
7.548077106475830078e-01,7.532691955566406250e-02
7.542067170143127441e-01,7.428605854511260986e-02
7.536057829856872559e-01,7.324519008398056030e-02
7.530047893524169922e-01,7.220432907342910767e-02
7.524038553237915039e-01,7.116346061229705811e-02
7.518028616905212402e-01,7.012259960174560547e-02
7.512019276618957520e-01,6.908173114061355591e-02
7.506009340286254883e-01,6.804086267948150635e-02
